CREATE DATABASE CONG_TY

USE CONG_TY
GO
/****** Object:  Table [dbo].[BAN_HANG]    Script Date: 28/12/20 11:26:29 PM ******/
SET ANSI_NULLS ON
GO
SET QUOTED_IDENTIFIER ON
GO
CREATE TABLE [dbo].[BAN_HANG](
	[NV_MA_NHAN_VIEN] [char](6) NOT NULL,
	[KINH_NGHIEM] [char](30) NULL,
PRIMARY KEY CLUSTERED 
(
	[NV_MA_NHAN_VIEN] ASC
)WITH (PAD_INDEX = OFF, STATISTICS_NORECOMPUTE = OFF, IGNORE_DUP_KEY = OFF, ALLOW_ROW_LOCKS = ON, ALLOW_PAGE_LOCKS = ON) ON [PRIMARY]
) ON [PRIMARY]
GO
/****** Object:  Table [dbo].[BAO_VE]    Script Date: 28/12/20 11:26:29 PM ******/
SET ANSI_NULLS ON
GO
SET QUOTED_IDENTIFIER ON
GO
CREATE TABLE [dbo].[BAO_VE](
	[NV_MA_NHAN_VIEN] [char](6) NOT NULL,
	[SUC_KHOE] [char](30) NULL,
PRIMARY KEY CLUSTERED 
(
	[NV_MA_NHAN_VIEN] ASC
)WITH (PAD_INDEX = OFF, STATISTICS_NORECOMPUTE = OFF, IGNORE_DUP_KEY = OFF, ALLOW_ROW_LOCKS = ON, ALLOW_PAGE_LOCKS = ON) ON [PRIMARY]
) ON [PRIMARY]
GO
/****** Object:  Table [dbo].[CHI_NHANH]    Script Date: 28/12/20 11:26:29 PM ******/
SET ANSI_NULLS ON
GO
SET QUOTED_IDENTIFIER ON
GO
CREATE TABLE [dbo].[CHI_NHANH](
	[MA_CHI_NHANH] [char](8) NOT NULL,
	[TEN_CHI_NHANH] [varchar](255) NULL,
	[SO_DIEN_THOAI] [char](10) NULL,
	[DIA_CHI] [varchar](255) NULL,
	[SO_HANG_TON_KHO] [int] NULL,
	[SO_LUONG_NHAN_VIEN] [int] NULL,
	[MA_NHAN_VIEN_QUAN_LY] [char](6) NULL,
PRIMARY KEY CLUSTERED 
(
	[MA_CHI_NHANH] ASC
)WITH (PAD_INDEX = OFF, STATISTICS_NORECOMPUTE = OFF, IGNORE_DUP_KEY = OFF, ALLOW_ROW_LOCKS = ON, ALLOW_PAGE_LOCKS = ON) ON [PRIMARY]
) ON [PRIMARY]
GO
/****** Object:  Table [dbo].[DIEN_THOAI]    Script Date: 28/12/20 11:26:29 PM ******/
SET ANSI_NULLS ON
GO
SET QUOTED_IDENTIFIER ON
GO
CREATE TABLE [dbo].[DIEN_THOAI](
	[MA_SAN_PHAM] [char](10) NOT NULL,
	[IMEI] [varchar](20) NULL,
PRIMARY KEY CLUSTERED 
(
	[MA_SAN_PHAM] ASC
)WITH (PAD_INDEX = OFF, STATISTICS_NORECOMPUTE = OFF, IGNORE_DUP_KEY = OFF, ALLOW_ROW_LOCKS = ON, ALLOW_PAGE_LOCKS = ON) ON [PRIMARY]
) ON [PRIMARY]
GO
/****** Object:  Table [dbo].[DOANH_NGHIEP_MUA]    Script Date: 28/12/20 11:26:29 PM ******/
SET ANSI_NULLS ON
GO
SET QUOTED_IDENTIFIER ON
GO
CREATE TABLE [dbo].[DOANH_NGHIEP_MUA](
	[MA_DOANH_NGHIEP] [char](6) NOT NULL,
	[MA_SAN_PHAM] [char](10) NOT NULL,
	[MA_NHAN_VIEN] [char](6) NOT NULL,
	[MA_DON_HANG] [char](10) NULL,
	[PHUONG_THUC_THANH_TOAN] [char](20) NULL,
	[PHUONG_THUC_VAN_CHUYEN] [char](30) NULL,
	[TONG_TIEN] [int] NULL,
	[THOI_DIEM_MUA] [date] NULL,
	[TONG_SO_SAN_PHAM] [int] NULL,
	[CHIET_KHAU] [float] NULL,
PRIMARY KEY CLUSTERED 
(
	[MA_DOANH_NGHIEP] ASC,
	[MA_SAN_PHAM] ASC,
	[MA_NHAN_VIEN] ASC
)WITH (PAD_INDEX = OFF, STATISTICS_NORECOMPUTE = OFF, IGNORE_DUP_KEY = OFF, ALLOW_ROW_LOCKS = ON, ALLOW_PAGE_LOCKS = ON) ON [PRIMARY]
) ON [PRIMARY]
GO
/****** Object:  Table [dbo].[KE_TOAN]    Script Date: 28/12/20 11:26:29 PM ******/
SET ANSI_NULLS ON
GO
SET QUOTED_IDENTIFIER ON
GO
CREATE TABLE [dbo].[KE_TOAN](
	[NV_MA_NHAN_VIEN] [char](6) NOT NULL,
	[TRINH_DO_KE_TOAN] [char](30) NULL,
PRIMARY KEY CLUSTERED 
(
	[NV_MA_NHAN_VIEN] ASC
)WITH (PAD_INDEX = OFF, STATISTICS_NORECOMPUTE = OFF, IGNORE_DUP_KEY = OFF, ALLOW_ROW_LOCKS = ON, ALLOW_PAGE_LOCKS = ON) ON [PRIMARY]
) ON [PRIMARY]
GO
/****** Object:  Table [dbo].[KHACH_HANG_CA_NHAN]    Script Date: 28/12/20 11:26:29 PM ******/
SET ANSI_NULLS ON
GO
SET QUOTED_IDENTIFIER ON
GO
CREATE TABLE [dbo].[KHACH_HANG_CA_NHAN](
	[CMND] [char](12) NOT NULL,
	[MA_KHACH_HANG] [char](6) NOT NULL,
	[TONG_DIEM_TICH_LUY] [int] NULL,
	[TONG_TIEN_MUA] [int] NULL,
PRIMARY KEY CLUSTERED 
(
	[MA_KHACH_HANG] ASC
)WITH (PAD_INDEX = OFF, STATISTICS_NORECOMPUTE = OFF, IGNORE_DUP_KEY = OFF, ALLOW_ROW_LOCKS = ON, ALLOW_PAGE_LOCKS = ON) ON [PRIMARY]
) ON [PRIMARY]
GO
/****** Object:  Table [dbo].[KHACH_HANG_DOANH_NGHIEP]    Script Date: 28/12/20 11:26:29 PM ******/
SET ANSI_NULLS ON
GO
SET QUOTED_IDENTIFIER ON
GO
CREATE TABLE [dbo].[KHACH_HANG_DOANH_NGHIEP](
	[MA_DOANH_NGHIEP] [char](6) NOT NULL,
	[NGUOI_DAI_DIEN] [varchar](20) NULL,
	[TEN_DOANH_NGHIEP] [varchar](20) NULL,
	[EMAIL] [varchar](255) NULL,
	[sDIEN_THOAI] [char](12) NULL,
	[DIA_CHI] [varchar](20) NULL,
PRIMARY KEY CLUSTERED 
(
	[MA_DOANH_NGHIEP] ASC
)WITH (PAD_INDEX = OFF, STATISTICS_NORECOMPUTE = OFF, IGNORE_DUP_KEY = OFF, ALLOW_ROW_LOCKS = ON, ALLOW_PAGE_LOCKS = ON) ON [PRIMARY]
) ON [PRIMARY]
GO
/****** Object:  Table [dbo].[KY_THUAT_VIEN]    Script Date: 28/12/20 11:26:29 PM ******/
SET ANSI_NULLS ON
GO
SET QUOTED_IDENTIFIER ON
GO
CREATE TABLE [dbo].[KY_THUAT_VIEN](
	[NV_MA_NHAN_VIEN] [char](6) NOT NULL,
	[TRINH_DO_KY_THUAT] [char](30) NULL,
PRIMARY KEY CLUSTERED 
(
	[NV_MA_NHAN_VIEN] ASC
)WITH (PAD_INDEX = OFF, STATISTICS_NORECOMPUTE = OFF, IGNORE_DUP_KEY = OFF, ALLOW_ROW_LOCKS = ON, ALLOW_PAGE_LOCKS = ON) ON [PRIMARY]
) ON [PRIMARY]
GO
/****** Object:  Table [dbo].[MAY_TINH]    Script Date: 28/12/20 11:26:29 PM ******/
SET ANSI_NULLS ON
GO
SET QUOTED_IDENTIFIER ON
GO
CREATE TABLE [dbo].[MAY_TINH](
	[MA_SAN_PHAM] [char](10) NOT NULL,
	[SO_SERI] [varchar](20) NULL,
PRIMARY KEY CLUSTERED 
(
	[MA_SAN_PHAM] ASC
)WITH (PAD_INDEX = OFF, STATISTICS_NORECOMPUTE = OFF, IGNORE_DUP_KEY = OFF, ALLOW_ROW_LOCKS = ON, ALLOW_PAGE_LOCKS = ON) ON [PRIMARY]
) ON [PRIMARY]
GO
/****** Object:  Table [dbo].[MUA_CA_NHAN]    Script Date: 28/12/20 11:26:29 PM ******/
SET ANSI_NULLS ON
GO
SET QUOTED_IDENTIFIER ON
GO
CREATE TABLE [dbo].[MUA_CA_NHAN](
	[KH_MA_KHACH_HANG] [char](6) NOT NULL,
	[SP_MA_SAN_PHAM] [char](10) NOT NULL,
	[NV_MA_NHAN_VIEN] [char](6) NOT NULL,
	[MA_DON_HANG] [char](10) NULL,
	[PHUONG_THUC_THANH_TOAN] [char](20) NULL,
	[PHUONG_THUC_VAN_CHUYEN] [char](30) NULL,
	[TONG_TIEN] [int] NULL,
	[THOI_DIEM_MUA] [date] NULL,
	[TONG_SO_SAN_PHAM] [int] NULL,
	[DIEM_TICH_LUY] [int] NULL,
	[KHUYEN_MAI] [varchar](20) NULL,
PRIMARY KEY CLUSTERED 
(
	[KH_MA_KHACH_HANG] ASC,
	[SP_MA_SAN_PHAM] ASC,
	[NV_MA_NHAN_VIEN] ASC
)WITH (PAD_INDEX = OFF, STATISTICS_NORECOMPUTE = OFF, IGNORE_DUP_KEY = OFF, ALLOW_ROW_LOCKS = ON, ALLOW_PAGE_LOCKS = ON) ON [PRIMARY]
) ON [PRIMARY]
GO
/****** Object:  Table [dbo].[NGUOI_PHU_THUOC]    Script Date: 28/12/20 11:26:29 PM ******/
SET ANSI_NULLS ON
GO
SET QUOTED_IDENTIFIER ON
GO
CREATE TABLE [dbo].[NGUOI_PHU_THUOC](
	[NV_MA_NHAN_VIEN] [char](6) NOT NULL,
	[TEN_NGUOI_PHU_THUOC] [varchar](255) NOT NULL,
	[NAM_SINH] [date] NULL,
	[GIOI_TINH] [char](6) NULL,
	[MOI_QUAN_HE] [char](6) NULL,
PRIMARY KEY CLUSTERED 
(
	[NV_MA_NHAN_VIEN] ASC,
	[TEN_NGUOI_PHU_THUOC] ASC
)WITH (PAD_INDEX = OFF, STATISTICS_NORECOMPUTE = OFF, IGNORE_DUP_KEY = OFF, ALLOW_ROW_LOCKS = ON, ALLOW_PAGE_LOCKS = ON) ON [PRIMARY]
) ON [PRIMARY]
GO
/****** Object:  Table [dbo].[NHAN_VIEN]    Script Date: 28/12/20 11:26:29 PM ******/
SET ANSI_NULLS ON
GO
SET QUOTED_IDENTIFIER ON
GO
CREATE TABLE [dbo].[NHAN_VIEN](
	[MA_NHAN_VIEN] [char](6) NOT NULL,
	[NGAY_BAT_DAU_LAM_VIEC] [date] NULL,
	[NGAY_SINH] [date] NULL,
	[LUONG] [int] NULL,
	[SO_TAI_KHOAN] [char](30) NULL,
	[CN_MA_CHI_NHANH] [char](8) NULL,
	[CMND] [char](12) NULL,
PRIMARY KEY CLUSTERED 
(
	[MA_NHAN_VIEN] ASC
)WITH (PAD_INDEX = OFF, STATISTICS_NORECOMPUTE = OFF, IGNORE_DUP_KEY = OFF, ALLOW_ROW_LOCKS = ON, ALLOW_PAGE_LOCKS = ON) ON [PRIMARY]
) ON [PRIMARY]
GO
/****** Object:  Table [dbo].[PHU_KIEN]    Script Date: 28/12/20 11:26:29 PM ******/
SET ANSI_NULLS ON
GO
SET QUOTED_IDENTIFIER ON
GO
CREATE TABLE [dbo].[PHU_KIEN](
	[MA_SAN_PHAM] [char](10) NOT NULL,
	[SAN_PHAN_HO_TRO] [varchar](20) NULL,
PRIMARY KEY CLUSTERED 
(
	[MA_SAN_PHAM] ASC
)WITH (PAD_INDEX = OFF, STATISTICS_NORECOMPUTE = OFF, IGNORE_DUP_KEY = OFF, ALLOW_ROW_LOCKS = ON, ALLOW_PAGE_LOCKS = ON) ON [PRIMARY]
) ON [PRIMARY]
GO
/****** Object:  Table [dbo].[QUAN_LY_KHO]    Script Date: 28/12/20 11:26:29 PM ******/
SET ANSI_NULLS ON
GO
SET QUOTED_IDENTIFIER ON
GO
CREATE TABLE [dbo].[QUAN_LY_KHO](
	[NV_MA_NHAN_VIEN] [char](6) NOT NULL,
	[TRINH_DO_QUAN_LY] [char](30) NULL,
PRIMARY KEY CLUSTERED 
(
	[NV_MA_NHAN_VIEN] ASC
)WITH (PAD_INDEX = OFF, STATISTICS_NORECOMPUTE = OFF, IGNORE_DUP_KEY = OFF, ALLOW_ROW_LOCKS = ON, ALLOW_PAGE_LOCKS = ON) ON [PRIMARY]
) ON [PRIMARY]
GO
/****** Object:  Table [dbo].[SAN_PHAM]    Script Date: 28/12/20 11:26:29 PM ******/
SET ANSI_NULLS ON
GO
SET QUOTED_IDENTIFIER ON
GO
CREATE TABLE [dbo].[SAN_PHAM](
	[MA_SAN_PHAM] [char](10) NOT NULL,
	[TEN_SAN_PHAM] [varchar](255) NULL,
	[GIA_BAN] [int] NULL,
	[NGAY_NHAP] [date] NULL,
	[GIA_NHAP] [int] NULL,
	[THOI_GIAN_BAO_HANH] [varchar](10) NULL,
	[TEN_HANG] [varchar](255) NULL,
	[MA_SO_HANG] [char](10) NULL,
	[XUAT_SU] [varchar](20) NULL,
	[MA_CHI_NHANH] [char](8) NULL,
PRIMARY KEY CLUSTERED 
(
	[MA_SAN_PHAM] ASC
)WITH (PAD_INDEX = OFF, STATISTICS_NORECOMPUTE = OFF, IGNORE_DUP_KEY = OFF, ALLOW_ROW_LOCKS = ON, ALLOW_PAGE_LOCKS = ON) ON [PRIMARY]
) ON [PRIMARY]
GO
/****** Object:  Table [dbo].[THONG_TIN_CA_NHAN]    Script Date: 28/12/20 11:26:29 PM ******/
SET ANSI_NULLS ON
GO
SET QUOTED_IDENTIFIER ON
GO
CREATE TABLE [dbo].[THONG_TIN_CA_NHAN](
	[CMND] [char](12) NOT NULL,
	[HO] [varchar](255) NULL,
	[TEN_DEM] [varchar](255) NULL,
	[TEN] [varchar](255) NULL,
	[GIOI_TINH] [char](1) NULL,
	[DIA_CHI] [varchar](255) NULL,
	[EMAIL] [varchar](255) NULL,
	[SO_DIEN_THOAI] [char](10) NULL,
PRIMARY KEY CLUSTERED 
(
	[CMND] ASC
)WITH (PAD_INDEX = OFF, STATISTICS_NORECOMPUTE = OFF, IGNORE_DUP_KEY = OFF, ALLOW_ROW_LOCKS = ON, ALLOW_PAGE_LOCKS = ON) ON [PRIMARY]
) ON [PRIMARY]
GO
INSERT [dbo].[BAN_HANG] ([NV_MA_NHAN_VIEN], [KINH_NGHIEM]) VALUES (N'308431', N'cap 1                         ')
INSERT [dbo].[BAN_HANG] ([NV_MA_NHAN_VIEN], [KINH_NGHIEM]) VALUES (N'314946', N'cap 3                         ')
INSERT [dbo].[BAN_HANG] ([NV_MA_NHAN_VIEN], [KINH_NGHIEM]) VALUES (N'329728', N'cap 2                         ')
INSERT [dbo].[BAN_HANG] ([NV_MA_NHAN_VIEN], [KINH_NGHIEM]) VALUES (N'422702', N'cap 4                         ')
INSERT [dbo].[BAN_HANG] ([NV_MA_NHAN_VIEN], [KINH_NGHIEM]) VALUES (N'471897', N'tap su                        ')
GO
INSERT [dbo].[BAO_VE] ([NV_MA_NHAN_VIEN], [SUC_KHOE]) VALUES (N'494187', N'tot                           ')
INSERT [dbo].[BAO_VE] ([NV_MA_NHAN_VIEN], [SUC_KHOE]) VALUES (N'578572', N'tot                           ')
INSERT [dbo].[BAO_VE] ([NV_MA_NHAN_VIEN], [SUC_KHOE]) VALUES (N'845291', N'tien su dau da day            ')
INSERT [dbo].[BAO_VE] ([NV_MA_NHAN_VIEN], [SUC_KHOE]) VALUES (N'857194', N'tot                           ')
GO
INSERT [dbo].[CHI_NHANH] ([MA_CHI_NHANH], [TEN_CHI_NHANH], [SO_DIEN_THOAI], [DIA_CHI], [SO_HANG_TON_KHO], [SO_LUONG_NHAN_VIEN], [MA_NHAN_VIEN_QUAN_LY]) VALUES (N'37161834', N'CHI NHANH 39', N'37160766  ', N'23/139 No Trang Long, P.7, Q.BT
', 37161834, 20, N'177270')
INSERT [dbo].[CHI_NHANH] ([MA_CHI_NHANH], [TEN_CHI_NHANH], [SO_DIEN_THOAI], [DIA_CHI], [SO_HANG_TON_KHO], [SO_LUONG_NHAN_VIEN], [MA_NHAN_VIEN_QUAN_LY]) VALUES (N'38256838', N'CHI NHANH 32', N'38256839  ', N'118/81 Phan Huy Ich, P.15, Q.TB
', 38771065, 20, N'314946')
INSERT [dbo].[CHI_NHANH] ([MA_CHI_NHANH], [TEN_CHI_NHANH], [SO_DIEN_THOAI], [DIA_CHI], [SO_HANG_TON_KHO], [SO_LUONG_NHAN_VIEN], [MA_NHAN_VIEN_QUAN_LY]) VALUES (N'38341500', N'CHI NHANH 22', N'38342024  ', N'319 Dien Bien Phu, P.4, Q.3,', 38359627, 20, N'422702')
INSERT [dbo].[CHI_NHANH] ([MA_CHI_NHANH], [TEN_CHI_NHANH], [SO_DIEN_THOAI], [DIA_CHI], [SO_HANG_TON_KHO], [SO_LUONG_NHAN_VIEN], [MA_NHAN_VIEN_QUAN_LY]) VALUES (N'38368262', N'CHI NHANH 35', N'38858262  ', N'181 Dien Bien Phu, P.Ða Kao, Q.1
', 38377408, 20, N'494187')
INSERT [dbo].[CHI_NHANH] ([MA_CHI_NHANH], [TEN_CHI_NHANH], [SO_DIEN_THOAI], [DIA_CHI], [SO_HANG_TON_KHO], [SO_LUONG_NHAN_VIEN], [MA_NHAN_VIEN_QUAN_LY]) VALUES (N'38378888', N'CHI NHANH 24', N'38375078  ', N'283 Han Hai Nguyen, P.2, Q.11
', 39200129, 20, N'602167')
INSERT [dbo].[CHI_NHANH] ([MA_CHI_NHANH], [TEN_CHI_NHANH], [SO_DIEN_THOAI], [DIA_CHI], [SO_HANG_TON_KHO], [SO_LUONG_NHAN_VIEN], [MA_NHAN_VIEN_QUAN_LY]) VALUES (N'38379004', N'CHI NHANH 30', N'38379003  ', N'330 Chanh Hung, Q.8', 38379005, 20, N'687712')
INSERT [dbo].[CHI_NHANH] ([MA_CHI_NHANH], [TEN_CHI_NHANH], [SO_DIEN_THOAI], [DIA_CHI], [SO_HANG_TON_KHO], [SO_LUONG_NHAN_VIEN], [MA_NHAN_VIEN_QUAN_LY]) VALUES (N'38423327', N'CHI NHANH 28', N'38115185  ', N'152/11B Dien Bien Phu, P.25, Q.BT', 38119307, 20, N'754619')
INSERT [dbo].[CHI_NHANH] ([MA_CHI_NHANH], [TEN_CHI_NHANH], [SO_DIEN_THOAI], [DIA_CHI], [SO_HANG_TON_KHO], [SO_LUONG_NHAN_VIEN], [MA_NHAN_VIEN_QUAN_LY]) VALUES (N'38444140', N'CHI NHANH 31', N'35117974  ', N'304/51E Dao Duy Anh, P.9, Q.PN', 35116778, 20, N'804248')
INSERT [dbo].[CHI_NHANH] ([MA_CHI_NHANH], [TEN_CHI_NHANH], [SO_DIEN_THOAI], [DIA_CHI], [SO_HANG_TON_KHO], [SO_LUONG_NHAN_VIEN], [MA_NHAN_VIEN_QUAN_LY]) VALUES (N'38452670', N'CHI NHANH 38', N'39082008  ', N'79 Truong Son, P.2, Q.TB', 38420623, 20, N'857194')
INSERT [dbo].[CHI_NHANH] ([MA_CHI_NHANH], [TEN_CHI_NHANH], [SO_DIEN_THOAI], [DIA_CHI], [SO_HANG_TON_KHO], [SO_LUONG_NHAN_VIEN], [MA_NHAN_VIEN_QUAN_LY]) VALUES (N'38482131', N'CHI NHANH 27', N'38482130  ', N'477 Hai Ba Trung, P.8, Q.3', 38777765, 20, N'910245')
GO
INSERT [dbo].[DIEN_THOAI] ([MA_SAN_PHAM], [IMEI]) VALUES (N'SS1674
  ', N'98937905784
')
INSERT [dbo].[DIEN_THOAI] ([MA_SAN_PHAM], [IMEI]) VALUES (N'SS1783
  ', N'82569068248
')
INSERT [dbo].[DIEN_THOAI] ([MA_SAN_PHAM], [IMEI]) VALUES (N'SS2247
  ', N'91065115310
')
INSERT [dbo].[DIEN_THOAI] ([MA_SAN_PHAM], [IMEI]) VALUES (N'SS3007
  ', N'40627005453
')
INSERT [dbo].[DIEN_THOAI] ([MA_SAN_PHAM], [IMEI]) VALUES (N'SS3517
  ', N'73133703148
')
INSERT [dbo].[DIEN_THOAI] ([MA_SAN_PHAM], [IMEI]) VALUES (N'SS3673
  ', N'27495386707
')
INSERT [dbo].[DIEN_THOAI] ([MA_SAN_PHAM], [IMEI]) VALUES (N'SS3743
  ', N'43668975291
')
INSERT [dbo].[DIEN_THOAI] ([MA_SAN_PHAM], [IMEI]) VALUES (N'SS3970
  ', N'93579481303
')
INSERT [dbo].[DIEN_THOAI] ([MA_SAN_PHAM], [IMEI]) VALUES (N'SS4079
  ', N'85084815236
')
INSERT [dbo].[DIEN_THOAI] ([MA_SAN_PHAM], [IMEI]) VALUES (N'SS6425
  ', N'28111904613
')
INSERT [dbo].[DIEN_THOAI] ([MA_SAN_PHAM], [IMEI]) VALUES (N'SS6530
  ', N'71741527602
')
INSERT [dbo].[DIEN_THOAI] ([MA_SAN_PHAM], [IMEI]) VALUES (N'SS6767
  ', N'16680956672
')
INSERT [dbo].[DIEN_THOAI] ([MA_SAN_PHAM], [IMEI]) VALUES (N'SS7614
  ', N'12892436865
')
INSERT [dbo].[DIEN_THOAI] ([MA_SAN_PHAM], [IMEI]) VALUES (N'SS7789
  ', N'30237917109
')
INSERT [dbo].[DIEN_THOAI] ([MA_SAN_PHAM], [IMEI]) VALUES (N'SS8178
  ', N'83841033518
')
INSERT [dbo].[DIEN_THOAI] ([MA_SAN_PHAM], [IMEI]) VALUES (N'SS8232
  ', N'90441192648
')
INSERT [dbo].[DIEN_THOAI] ([MA_SAN_PHAM], [IMEI]) VALUES (N'SS8645
  ', N'87940018180
')
INSERT [dbo].[DIEN_THOAI] ([MA_SAN_PHAM], [IMEI]) VALUES (N'SS8739
  ', N'21824383408
')
INSERT [dbo].[DIEN_THOAI] ([MA_SAN_PHAM], [IMEI]) VALUES (N'SS9555
  ', N'27574969802
')
GO
INSERT [dbo].[DOANH_NGHIEP_MUA] ([MA_DOANH_NGHIEP], [MA_SAN_PHAM], [MA_NHAN_VIEN], [MA_DON_HANG], [PHUONG_THUC_THANH_TOAN], [PHUONG_THUC_VAN_CHUYEN], [TONG_TIEN], [THOI_DIEM_MUA], [TONG_SO_SAN_PHAM], [CHIET_KHAU]) VALUES (N'141614', N'TO5832    ', N'308431', N'66666666  ', N'CAST                ', N'TRUCK                         ', 170000000, CAST(N'2020-12-19' AS Date), 10, 0)
INSERT [dbo].[DOANH_NGHIEP_MUA] ([MA_DOANH_NGHIEP], [MA_SAN_PHAM], [MA_NHAN_VIEN], [MA_DON_HANG], [PHUONG_THUC_THANH_TOAN], [PHUONG_THUC_VAN_CHUYEN], [TONG_TIEN], [THOI_DIEM_MUA], [TONG_SO_SAN_PHAM], [CHIET_KHAU]) VALUES (N'194180', N'MN2222    ', N'422702', N'77777777  ', N'CASH                ', N'TRUCK                         ', 45000000, CAST(N'2020-08-01' AS Date), 10, 0)
INSERT [dbo].[DOANH_NGHIEP_MUA] ([MA_DOANH_NGHIEP], [MA_SAN_PHAM], [MA_NHAN_VIEN], [MA_DON_HANG], [PHUONG_THUC_THANH_TOAN], [PHUONG_THUC_VAN_CHUYEN], [TONG_TIEN], [THOI_DIEM_MUA], [TONG_SO_SAN_PHAM], [CHIET_KHAU]) VALUES (N'194180', N'TO3715    ', N'422702', N'77777777  ', N'CASH                ', N'TRUCK                         ', 350000000, CAST(N'2020-08-01' AS Date), 20, 0)
INSERT [dbo].[DOANH_NGHIEP_MUA] ([MA_DOANH_NGHIEP], [MA_SAN_PHAM], [MA_NHAN_VIEN], [MA_DON_HANG], [PHUONG_THUC_THANH_TOAN], [PHUONG_THUC_VAN_CHUYEN], [TONG_TIEN], [THOI_DIEM_MUA], [TONG_SO_SAN_PHAM], [CHIET_KHAU]) VALUES (N'194180', N'TO7927    ', N'422702', N'77777777  ', N'CASH                ', N'TRUCK                         ', 360000000, CAST(N'2020-08-01' AS Date), 20, 0)
INSERT [dbo].[DOANH_NGHIEP_MUA] ([MA_DOANH_NGHIEP], [MA_SAN_PHAM], [MA_NHAN_VIEN], [MA_DON_HANG], [PHUONG_THUC_THANH_TOAN], [PHUONG_THUC_VAN_CHUYEN], [TONG_TIEN], [THOI_DIEM_MUA], [TONG_SO_SAN_PHAM], [CHIET_KHAU]) VALUES (N'327326', N'OPE444    ', N'314946', N'88888888  ', N'CASH                ', N'TRUCK                         ', 160000000, CAST(N'2020-11-08' AS Date), 100, 20)
INSERT [dbo].[DOANH_NGHIEP_MUA] ([MA_DOANH_NGHIEP], [MA_SAN_PHAM], [MA_NHAN_VIEN], [MA_DON_HANG], [PHUONG_THUC_THANH_TOAN], [PHUONG_THUC_VAN_CHUYEN], [TONG_TIEN], [THOI_DIEM_MUA], [TONG_SO_SAN_PHAM], [CHIET_KHAU]) VALUES (N'361073', N'SS4079    ', N'329728', N'99999999  ', N'BANKING             ', N'TRUCK                         ', 1028755000, CAST(N'2020-12-18' AS Date), 70, 15)
INSERT [dbo].[DOANH_NGHIEP_MUA] ([MA_DOANH_NGHIEP], [MA_SAN_PHAM], [MA_NHAN_VIEN], [MA_DON_HANG], [PHUONG_THUC_THANH_TOAN], [PHUONG_THUC_VAN_CHUYEN], [TONG_TIEN], [THOI_DIEM_MUA], [TONG_SO_SAN_PHAM], [CHIET_KHAU]) VALUES (N'910792', N'SS8739    ', N'471897', N'55555555  ', N'BANKING             ', N'TRUCK                         ', 256500000, CAST(N'2020-01-28' AS Date), 30, 5)
GO
INSERT [dbo].[KE_TOAN] ([NV_MA_NHAN_VIEN], [TRINH_DO_KE_TOAN]) VALUES (N'177270', N'cu nhan                       ')
INSERT [dbo].[KE_TOAN] ([NV_MA_NHAN_VIEN], [TRINH_DO_KE_TOAN]) VALUES (N'773531', N'cu nhan                       ')
INSERT [dbo].[KE_TOAN] ([NV_MA_NHAN_VIEN], [TRINH_DO_KE_TOAN]) VALUES (N'910245', N'thac si                       ')
INSERT [dbo].[KE_TOAN] ([NV_MA_NHAN_VIEN], [TRINH_DO_KE_TOAN]) VALUES (N'955218', N'thuc tap                      ')
GO
INSERT [dbo].[KHACH_HANG_CA_NHAN] ([CMND], [MA_KHACH_HANG], [TONG_DIEM_TICH_LUY], [TONG_TIEN_MUA]) VALUES (N'022421760   ', N'117649', 3000, 30000000)
INSERT [dbo].[KHACH_HANG_CA_NHAN] ([CMND], [MA_KHACH_HANG], [TONG_DIEM_TICH_LUY], [TONG_TIEN_MUA]) VALUES (N'023186616   ', N'118048', 2569, 25690460)
INSERT [dbo].[KHACH_HANG_CA_NHAN] ([CMND], [MA_KHACH_HANG], [TONG_DIEM_TICH_LUY], [TONG_TIEN_MUA]) VALUES (N'023256461   ', N'119032', 2800, 28000000)
INSERT [dbo].[KHACH_HANG_CA_NHAN] ([CMND], [MA_KHACH_HANG], [TONG_DIEM_TICH_LUY], [TONG_TIEN_MUA]) VALUES (N'062514379   ', N'128682', 2800, 28000000)
INSERT [dbo].[KHACH_HANG_CA_NHAN] ([CMND], [MA_KHACH_HANG], [TONG_DIEM_TICH_LUY], [TONG_TIEN_MUA]) VALUES (N'023775893   ', N'228323', 4000, 40000000)
INSERT [dbo].[KHACH_HANG_CA_NHAN] ([CMND], [MA_KHACH_HANG], [TONG_DIEM_TICH_LUY], [TONG_TIEN_MUA]) VALUES (N'023811412   ', N'259865', 5000, 50000000)
INSERT [dbo].[KHACH_HANG_CA_NHAN] ([CMND], [MA_KHACH_HANG], [TONG_DIEM_TICH_LUY], [TONG_TIEN_MUA]) VALUES (N'0240858781  ', N'292455', 1332, 13316520)
INSERT [dbo].[KHACH_HANG_CA_NHAN] ([CMND], [MA_KHACH_HANG], [TONG_DIEM_TICH_LUY], [TONG_TIEN_MUA]) VALUES (N'024192554   ', N'292955', 2900, 29000000)
INSERT [dbo].[KHACH_HANG_CA_NHAN] ([CMND], [MA_KHACH_HANG], [TONG_DIEM_TICH_LUY], [TONG_TIEN_MUA]) VALUES (N'096074213   ', N'314340', 1500, 15000000)
INSERT [dbo].[KHACH_HANG_CA_NHAN] ([CMND], [MA_KHACH_HANG], [TONG_DIEM_TICH_LUY], [TONG_TIEN_MUA]) VALUES (N'023535671
 ', N'357814', 2653, 26530516)
INSERT [dbo].[KHACH_HANG_CA_NHAN] ([CMND], [MA_KHACH_HANG], [TONG_DIEM_TICH_LUY], [TONG_TIEN_MUA]) VALUES (N'0341109387  ', N'422406', 6600, 66000000)
INSERT [dbo].[KHACH_HANG_CA_NHAN] ([CMND], [MA_KHACH_HANG], [TONG_DIEM_TICH_LUY], [TONG_TIEN_MUA]) VALUES (N'034694354   ', N'460686', 5600, 56000000)
INSERT [dbo].[KHACH_HANG_CA_NHAN] ([CMND], [MA_KHACH_HANG], [TONG_DIEM_TICH_LUY], [TONG_TIEN_MUA]) VALUES (N'024437578   ', N'464149', 3000, 30000000)
INSERT [dbo].[KHACH_HANG_CA_NHAN] ([CMND], [MA_KHACH_HANG], [TONG_DIEM_TICH_LUY], [TONG_TIEN_MUA]) VALUES (N'0271094104  ', N'483321', 4600, 46000000)
INSERT [dbo].[KHACH_HANG_CA_NHAN] ([CMND], [MA_KHACH_HANG], [TONG_DIEM_TICH_LUY], [TONG_TIEN_MUA]) VALUES (N'024470363   ', N'496956', 6166, 61662310)
INSERT [dbo].[KHACH_HANG_CA_NHAN] ([CMND], [MA_KHACH_HANG], [TONG_DIEM_TICH_LUY], [TONG_TIEN_MUA]) VALUES (N'098109559   ', N'533320', 2500, 25000000)
INSERT [dbo].[KHACH_HANG_CA_NHAN] ([CMND], [MA_KHACH_HANG], [TONG_DIEM_TICH_LUY], [TONG_TIEN_MUA]) VALUES (N'0271690306  ', N'534099', 1720, 17200000)
INSERT [dbo].[KHACH_HANG_CA_NHAN] ([CMND], [MA_KHACH_HANG], [TONG_DIEM_TICH_LUY], [TONG_TIEN_MUA]) VALUES (N'024571855   ', N'574488', 8633, 86326110)
INSERT [dbo].[KHACH_HANG_CA_NHAN] ([CMND], [MA_KHACH_HANG], [TONG_DIEM_TICH_LUY], [TONG_TIEN_MUA]) VALUES (N'024631700   ', N'633056', 4400, 44000000)
INSERT [dbo].[KHACH_HANG_CA_NHAN] ([CMND], [MA_KHACH_HANG], [TONG_DIEM_TICH_LUY], [TONG_TIEN_MUA]) VALUES (N'024635527   ', N'661161', 8000, 80000000)
INSERT [dbo].[KHACH_HANG_CA_NHAN] ([CMND], [MA_KHACH_HANG], [TONG_DIEM_TICH_LUY], [TONG_TIEN_MUA]) VALUES (N'024798931   ', N'688295', 5000, 50000000)
INSERT [dbo].[KHACH_HANG_CA_NHAN] ([CMND], [MA_KHACH_HANG], [TONG_DIEM_TICH_LUY], [TONG_TIEN_MUA]) VALUES (N'024875463   ', N'707643', 3290, 32900000)
INSERT [dbo].[KHACH_HANG_CA_NHAN] ([CMND], [MA_KHACH_HANG], [TONG_DIEM_TICH_LUY], [TONG_TIEN_MUA]) VALUES (N'024928628   ', N'846726', 4013, 40133380)
INSERT [dbo].[KHACH_HANG_CA_NHAN] ([CMND], [MA_KHACH_HANG], [TONG_DIEM_TICH_LUY], [TONG_TIEN_MUA]) VALUES (N'025154496   ', N'847073', 8044, 80435550)
INSERT [dbo].[KHACH_HANG_CA_NHAN] ([CMND], [MA_KHACH_HANG], [TONG_DIEM_TICH_LUY], [TONG_TIEN_MUA]) VALUES (N'0361467532  ', N'847666', 2800, 28000000)
INSERT [dbo].[KHACH_HANG_CA_NHAN] ([CMND], [MA_KHACH_HANG], [TONG_DIEM_TICH_LUY], [TONG_TIEN_MUA]) VALUES (N'058076713   ', N'849836', 2800, 28000000)
INSERT [dbo].[KHACH_HANG_CA_NHAN] ([CMND], [MA_KHACH_HANG], [TONG_DIEM_TICH_LUY], [TONG_TIEN_MUA]) VALUES (N'0361299165  ', N'882623', 1500, 15000000)
INSERT [dbo].[KHACH_HANG_CA_NHAN] ([CMND], [MA_KHACH_HANG], [TONG_DIEM_TICH_LUY], [TONG_TIEN_MUA]) VALUES (N'020288711
 ', N'897007', 2000, 20000000)
INSERT [dbo].[KHACH_HANG_CA_NHAN] ([CMND], [MA_KHACH_HANG], [TONG_DIEM_TICH_LUY], [TONG_TIEN_MUA]) VALUES (N'025305268   ', N'943068', 4918, 49181730)
INSERT [dbo].[KHACH_HANG_CA_NHAN] ([CMND], [MA_KHACH_HANG], [TONG_DIEM_TICH_LUY], [TONG_TIEN_MUA]) VALUES (N'027055344   ', N'988006', 4600, 46000000)
GO
INSERT [dbo].[KHACH_HANG_DOANH_NGHIEP] ([MA_DOANH_NGHIEP], [NGUOI_DAI_DIEN], [TEN_DOANH_NGHIEP], [EMAIL], [sDIEN_THOAI], [DIA_CHI]) VALUES (N'141614', N'Mr.Tran Ty', N'YNG HUA ', N'yng@hua.com.vn', N'038637899   ', N'1092T duong 3/2 Q.11')
INSERT [dbo].[KHACH_HANG_DOANH_NGHIEP] ([MA_DOANH_NGHIEP], [NGUOI_DAI_DIEN], [TEN_DOANH_NGHIEP], [EMAIL], [sDIEN_THOAI], [DIA_CHI]) VALUES (N'194180', N'Mr. Tran Le Minh', N'VIET DUC', N'vinimac@saigonnet.vn
', N'038292970   ', N'107 ADV ')
INSERT [dbo].[KHACH_HANG_DOANH_NGHIEP] ([MA_DOANH_NGHIEP], [NGUOI_DAI_DIEN], [TEN_DOANH_NGHIEP], [EMAIL], [sDIEN_THOAI], [DIA_CHI]) VALUES (N'211144', N'Mr. Tran Phu Quoc', N'SAI GON ESP', N'spco@hcm.fpt.vn
', N'039504725   ', N'97B VTS Q.3')
INSERT [dbo].[KHACH_HANG_DOANH_NGHIEP] ([MA_DOANH_NGHIEP], [NGUOI_DAI_DIEN], [TEN_DOANH_NGHIEP], [EMAIL], [sDIEN_THOAI], [DIA_CHI]) VALUES (N'236281', N'Mr. Allan Tay', N'Cty TNHH Mê Linh
', N'ceobizcentre@mlptower.com
', N'038221738   ', N'432 XVNT, Q.BT')
INSERT [dbo].[KHACH_HANG_DOANH_NGHIEP] ([MA_DOANH_NGHIEP], [NGUOI_DAI_DIEN], [TEN_DOANH_NGHIEP], [EMAIL], [sDIEN_THOAI], [DIA_CHI]) VALUES (N'284172', N'Ms. Nguyen Minh Hoai', N'A.C.C', N'facc@hcm.fpt.vn
', N'038593491   ', N'79A SNA Q.1')
INSERT [dbo].[KHACH_HANG_DOANH_NGHIEP] ([MA_DOANH_NGHIEP], [NGUOI_DAI_DIEN], [TEN_DOANH_NGHIEP], [EMAIL], [sDIEN_THOAI], [DIA_CHI]) VALUES (N'291530', N'Mr. Bui Le Quan', N'TSC', N'tscad-print@hcm.vnn.vn
', N'038244139   ', N'36 CUXA LU GIA Q.11')
INSERT [dbo].[KHACH_HANG_DOANH_NGHIEP] ([MA_DOANH_NGHIEP], [NGUOI_DAI_DIEN], [TEN_DOANH_NGHIEP], [EMAIL], [sDIEN_THOAI], [DIA_CHI]) VALUES (N'327326', N'Mr .Ho Khanh Phong', N'HO KHANH ', N'hkc@fptnet.com
', N'038494403   ', N'1174 3/2 Q.11
')
INSERT [dbo].[KHACH_HANG_DOANH_NGHIEP] ([MA_DOANH_NGHIEP], [NGUOI_DAI_DIEN], [TEN_DOANH_NGHIEP], [EMAIL], [sDIEN_THOAI], [DIA_CHI]) VALUES (N'361073', N'
Mr. Tran Le Khoi', N'VIET TIEN', N'vts@tsg.com.vn
', N'038370988   ', N'212 NTMK Q.3')
INSERT [dbo].[KHACH_HANG_DOANH_NGHIEP] ([MA_DOANH_NGHIEP], [NGUOI_DAI_DIEN], [TEN_DOANH_NGHIEP], [EMAIL], [sDIEN_THOAI], [DIA_CHI]) VALUES (N'365980', N'Mr. Hoang Nhat Tien', N'VITA', N'vitagifs@hcm.fpt.vn
', N'038637953   ', N'20 Thai Van Lung Q.1')
INSERT [dbo].[KHACH_HANG_DOANH_NGHIEP] ([MA_DOANH_NGHIEP], [NGUOI_DAI_DIEN], [TEN_DOANH_NGHIEP], [EMAIL], [sDIEN_THOAI], [DIA_CHI]) VALUES (N'387688', N'Mdm. Nguyen Thi Dau', N'MINH THAI', N'ngdoanquan@hcm.vnn.vn
', N'038964036   ', N'50 Ham Nghi
')
INSERT [dbo].[KHACH_HANG_DOANH_NGHIEP] ([MA_DOANH_NGHIEP], [NGUOI_DAI_DIEN], [TEN_DOANH_NGHIEP], [EMAIL], [sDIEN_THOAI], [DIA_CHI]) VALUES (N'393595', N'Mr. Nguyen Duy Hùng', N'DAU TU VAN TAI ', N'shinpetrol@hcm.vnn.vn
', N'039302056   ', N'3-5 HTM Q.1')
INSERT [dbo].[KHACH_HANG_DOANH_NGHIEP] ([MA_DOANH_NGHIEP], [NGUOI_DAI_DIEN], [TEN_DOANH_NGHIEP], [EMAIL], [sDIEN_THOAI], [DIA_CHI]) VALUES (N'410782', N'Mr. Do Bach', N'TIEN PHONG', N'tienphong@hcm.vnn.vn
', N'038262976   ', N'24/9 NCC Q.1')
INSERT [dbo].[KHACH_HANG_DOANH_NGHIEP] ([MA_DOANH_NGHIEP], [NGUOI_DAI_DIEN], [TEN_DOANH_NGHIEP], [EMAIL], [sDIEN_THOAI], [DIA_CHI]) VALUES (N'411877', N'Mr. Ngo Tien Dung', N'NAM THANH', N'nt_ltd@hcm.vnn.vn
', N'039201932   ', N'9A TNH Q.TB')
INSERT [dbo].[KHACH_HANG_DOANH_NGHIEP] ([MA_DOANH_NGHIEP], [NGUOI_DAI_DIEN], [TEN_DOANH_NGHIEP], [EMAIL], [sDIEN_THOAI], [DIA_CHI]) VALUES (N'424270', N'Mr. Cheong Kai Kong', N' SX&TM
', N'hcmc@sxscollection.com

', N'038228899   ', N'8A NBK DaKao Q.1
')
INSERT [dbo].[KHACH_HANG_DOANH_NGHIEP] ([MA_DOANH_NGHIEP], [NGUOI_DAI_DIEN], [TEN_DOANH_NGHIEP], [EMAIL], [sDIEN_THOAI], [DIA_CHI]) VALUES (N'489951', N'Mr. Do Huu Anh', N'DHL', N'rpritcha@sgn-co.vn.dhl.com
', N'038446203   ', N'Ðuong 10-KCX TT Q.7')
INSERT [dbo].[KHACH_HANG_DOANH_NGHIEP] ([MA_DOANH_NGHIEP], [NGUOI_DAI_DIEN], [TEN_DOANH_NGHIEP], [EMAIL], [sDIEN_THOAI], [DIA_CHI]) VALUES (N'502484', N'Mr. Kao Sieu Luc', N'CNTT VN', N'trinhle@vietnamvision.net
', N'038550275   ', N'132 Ben Van Ðon Q.4')
INSERT [dbo].[KHACH_HANG_DOANH_NGHIEP] ([MA_DOANH_NGHIEP], [NGUOI_DAI_DIEN], [TEN_DOANH_NGHIEP], [EMAIL], [sDIEN_THOAI], [DIA_CHI]) VALUES (N'532249', N'Mr. Tran Phu Quoc', N'NGHE TAN', N'Dmart@bdvn.vnd.net
', N'039691797   ', N'780-782 ND Q.8')
INSERT [dbo].[KHACH_HANG_DOANH_NGHIEP] ([MA_DOANH_NGHIEP], [NGUOI_DAI_DIEN], [TEN_DOANH_NGHIEP], [EMAIL], [sDIEN_THOAI], [DIA_CHI]) VALUES (N'538751', N'Mr. Nguyen Doan Quan', N'SANG TAO', N'sangtaocn@hcm.vnn.vn
', N'039302053   ', N'106 duong 4 KP3 Q.TD')
INSERT [dbo].[KHACH_HANG_DOANH_NGHIEP] ([MA_DOANH_NGHIEP], [NGUOI_DAI_DIEN], [TEN_DOANH_NGHIEP], [EMAIL], [sDIEN_THOAI], [DIA_CHI]) VALUES (N'582650', N'Mr. Truong Anh Dung', N'Phuong Vy
', N'contact@phuongvycoffee.com
', N'038997156   ', N'270/4 LTK Q.10')
INSERT [dbo].[KHACH_HANG_DOANH_NGHIEP] ([MA_DOANH_NGHIEP], [NGUOI_DAI_DIEN], [TEN_DOANH_NGHIEP], [EMAIL], [sDIEN_THOAI], [DIA_CHI]) VALUES (N'608594', N'Mr .Nguyen Tân Ke', N'FOODTEC', N'foodtec@fmail.vnn.vn
', N'037700004   ', N'35 Bau Cat 2 Q.TB')
INSERT [dbo].[KHACH_HANG_DOANH_NGHIEP] ([MA_DOANH_NGHIEP], [NGUOI_DAI_DIEN], [TEN_DOANH_NGHIEP], [EMAIL], [sDIEN_THOAI], [DIA_CHI]) VALUES (N'627723', N'Mr. Le Hong Phuong', N'ROBO', N'phuongrobo@saigonnet.vn
', N'039253709   ', N'4 PTD Q.TB')
INSERT [dbo].[KHACH_HANG_DOANH_NGHIEP] ([MA_DOANH_NGHIEP], [NGUOI_DAI_DIEN], [TEN_DOANH_NGHIEP], [EMAIL], [sDIEN_THOAI], [DIA_CHI]) VALUES (N'758297', N'Mr.. Kang Shin Seong', N'VINA BANK', N'hcmc-cvb@hcm.vnn.vn
', N'038291581   ', N'P.1704, 37 TDT')
INSERT [dbo].[KHACH_HANG_DOANH_NGHIEP] ([MA_DOANH_NGHIEP], [NGUOI_DAI_DIEN], [TEN_DOANH_NGHIEP], [EMAIL], [sDIEN_THOAI], [DIA_CHI]) VALUES (N'910792', N'Mr. Nguyen Van Minh', N'BAO HIEM BUU DIEN', N'thpti@hcm.vnn.vn
', N'038646468   ', N'204 NKKN Q.3')
INSERT [dbo].[KHACH_HANG_DOANH_NGHIEP] ([MA_DOANH_NGHIEP], [NGUOI_DAI_DIEN], [TEN_DOANH_NGHIEP], [EMAIL], [sDIEN_THOAI], [DIA_CHI]) VALUES (N'939784', N'Mr. Tran Van Hong', N'BCC', N'ngocchien@bcc.com.vn
', N'038637899   ', N'36 CUXA LU GIA Q.11')
INSERT [dbo].[KHACH_HANG_DOANH_NGHIEP] ([MA_DOANH_NGHIEP], [NGUOI_DAI_DIEN], [TEN_DOANH_NGHIEP], [EMAIL], [sDIEN_THOAI], [DIA_CHI]) VALUES (N'975130', N'Mr. Lam Xuan Thi', N'MARTIN 107', N'mt107@hcm.fpt.vn
', N'038242649   ', N'97/1 PDTV Q.5')
GO
INSERT [dbo].[KY_THUAT_VIEN] ([NV_MA_NHAN_VIEN], [TRINH_DO_KY_THUAT]) VALUES (N'602167', N'1000000                       ')
INSERT [dbo].[KY_THUAT_VIEN] ([NV_MA_NHAN_VIEN], [TRINH_DO_KY_THUAT]) VALUES (N'754619', N'1000000                       ')
GO
INSERT [dbo].[MAY_TINH] ([MA_SAN_PHAM], [SO_SERI]) VALUES (N'TO1385
  ', N'272207500
')
INSERT [dbo].[MAY_TINH] ([MA_SAN_PHAM], [SO_SERI]) VALUES (N'TO1803
  ', N'746326319
')
INSERT [dbo].[MAY_TINH] ([MA_SAN_PHAM], [SO_SERI]) VALUES (N'TO2319
  ', N'613538355
')
INSERT [dbo].[MAY_TINH] ([MA_SAN_PHAM], [SO_SERI]) VALUES (N'TO2468
  ', N'932972729
')
INSERT [dbo].[MAY_TINH] ([MA_SAN_PHAM], [SO_SERI]) VALUES (N'TO2528
  ', N'427868289
')
INSERT [dbo].[MAY_TINH] ([MA_SAN_PHAM], [SO_SERI]) VALUES (N'TO3438
  ', N'344720967
')
INSERT [dbo].[MAY_TINH] ([MA_SAN_PHAM], [SO_SERI]) VALUES (N'TO3715
  ', N'935948523
')
INSERT [dbo].[MAY_TINH] ([MA_SAN_PHAM], [SO_SERI]) VALUES (N'TO3760
  ', N'405825540
')
INSERT [dbo].[MAY_TINH] ([MA_SAN_PHAM], [SO_SERI]) VALUES (N'TO4501
  ', N'488826357
')
INSERT [dbo].[MAY_TINH] ([MA_SAN_PHAM], [SO_SERI]) VALUES (N'TO5832
  ', N'755689419
')
INSERT [dbo].[MAY_TINH] ([MA_SAN_PHAM], [SO_SERI]) VALUES (N'TO6138
  ', N'465809495
')
INSERT [dbo].[MAY_TINH] ([MA_SAN_PHAM], [SO_SERI]) VALUES (N'TO6154
  ', N'261926991
')
INSERT [dbo].[MAY_TINH] ([MA_SAN_PHAM], [SO_SERI]) VALUES (N'TO7927
  ', N'233745746
')
INSERT [dbo].[MAY_TINH] ([MA_SAN_PHAM], [SO_SERI]) VALUES (N'TO7945
  ', N'519924079
')
INSERT [dbo].[MAY_TINH] ([MA_SAN_PHAM], [SO_SERI]) VALUES (N'TO7962
  ', N'442204699
')
INSERT [dbo].[MAY_TINH] ([MA_SAN_PHAM], [SO_SERI]) VALUES (N'TO8269
  ', N'859769546
')
INSERT [dbo].[MAY_TINH] ([MA_SAN_PHAM], [SO_SERI]) VALUES (N'TO8437
  ', N'759179698
')
INSERT [dbo].[MAY_TINH] ([MA_SAN_PHAM], [SO_SERI]) VALUES (N'TO9015
  ', N'242036647
')
INSERT [dbo].[MAY_TINH] ([MA_SAN_PHAM], [SO_SERI]) VALUES (N'TO9502
  ', N'193020874
')
INSERT [dbo].[MAY_TINH] ([MA_SAN_PHAM], [SO_SERI]) VALUES (N'TO9554
  ', N'690999818
')
INSERT [dbo].[MAY_TINH] ([MA_SAN_PHAM], [SO_SERI]) VALUES (N'TO9854
  ', N'954826633
')
GO
INSERT [dbo].[MUA_CA_NHAN] ([KH_MA_KHACH_HANG], [SP_MA_SAN_PHAM], [NV_MA_NHAN_VIEN], [MA_DON_HANG], [PHUONG_THUC_THANH_TOAN], [PHUONG_THUC_VAN_CHUYEN], [TONG_TIEN], [THOI_DIEM_MUA], [TONG_SO_SAN_PHAM], [DIEM_TICH_LUY], [KHUYEN_MAI]) VALUES (N'117649', N'SS6530
  ', N'308431', N'0000000000', N'CASH                ', N'TRUC TIEP                     ', 11000000, CAST(N'2020-09-14' AS Date), 1, 1100, N'KHONG')
INSERT [dbo].[MUA_CA_NHAN] ([KH_MA_KHACH_HANG], [SP_MA_SAN_PHAM], [NV_MA_NHAN_VIEN], [MA_DON_HANG], [PHUONG_THUC_THANH_TOAN], [PHUONG_THUC_VAN_CHUYEN], [TONG_TIEN], [THOI_DIEM_MUA], [TONG_SO_SAN_PHAM], [DIEM_TICH_LUY], [KHUYEN_MAI]) VALUES (N'117649', N'TO5832
  ', N'308431', N'0000000000', N'CASH                ', N'TRUC TIEP                     ', 17000000, CAST(N'2020-09-14' AS Date), 1, 1700, N'KHONG')
INSERT [dbo].[MUA_CA_NHAN] ([KH_MA_KHACH_HANG], [SP_MA_SAN_PHAM], [NV_MA_NHAN_VIEN], [MA_DON_HANG], [PHUONG_THUC_THANH_TOAN], [PHUONG_THUC_VAN_CHUYEN], [TONG_TIEN], [THOI_DIEM_MUA], [TONG_SO_SAN_PHAM], [DIEM_TICH_LUY], [KHUYEN_MAI]) VALUES (N'118048', N'SS1783
  ', N'314946', N'1111111111', N'CASH                ', N'TRUC TIEP                     ', 22980000, CAST(N'2020-08-19' AS Date), 2, 2298, N'KHONG')
INSERT [dbo].[MUA_CA_NHAN] ([KH_MA_KHACH_HANG], [SP_MA_SAN_PHAM], [NV_MA_NHAN_VIEN], [MA_DON_HANG], [PHUONG_THUC_THANH_TOAN], [PHUONG_THUC_VAN_CHUYEN], [TONG_TIEN], [THOI_DIEM_MUA], [TONG_SO_SAN_PHAM], [DIEM_TICH_LUY], [KHUYEN_MAI]) VALUES (N'259865', N'SS6530
  ', N'471897', N'2222222222', N'CASH                ', N'TRUC TIEP                     ', 110000000, CAST(N'2020-01-08' AS Date), 10, 11000, N'KHONG')
INSERT [dbo].[MUA_CA_NHAN] ([KH_MA_KHACH_HANG], [SP_MA_SAN_PHAM], [NV_MA_NHAN_VIEN], [MA_DON_HANG], [PHUONG_THUC_THANH_TOAN], [PHUONG_THUC_VAN_CHUYEN], [TONG_TIEN], [THOI_DIEM_MUA], [TONG_SO_SAN_PHAM], [DIEM_TICH_LUY], [KHUYEN_MAI]) VALUES (N'292455', N'TO7945
  ', N'422702', N'3333333333', N'CASH                ', N'TRUC TIEP                     ', 12000000, CAST(N'2020-08-01' AS Date), 1, 1200, N'KHONG')
INSERT [dbo].[MUA_CA_NHAN] ([KH_MA_KHACH_HANG], [SP_MA_SAN_PHAM], [NV_MA_NHAN_VIEN], [MA_DON_HANG], [PHUONG_THUC_THANH_TOAN], [PHUONG_THUC_VAN_CHUYEN], [TONG_TIEN], [THOI_DIEM_MUA], [TONG_SO_SAN_PHAM], [DIEM_TICH_LUY], [KHUYEN_MAI]) VALUES (N'661161', N'MN5555    ', N'329728', N'4444444444', N'CASH                ', N'TRUC TIEP                     ', 7998000, CAST(N'2020-12-19' AS Date), 2, 789, N'KHONG')
GO
INSERT [dbo].[NGUOI_PHU_THUOC] ([NV_MA_NHAN_VIEN], [TEN_NGUOI_PHU_THUOC], [NAM_SINH], [GIOI_TINH], [MOI_QUAN_HE]) VALUES (N'177270', N'CAO VAN NGHIA', CAST(N'1966-03-10' AS Date), N'NAM   ', N'ANH   ')
INSERT [dbo].[NGUOI_PHU_THUOC] ([NV_MA_NHAN_VIEN], [TEN_NGUOI_PHU_THUOC], [NAM_SINH], [GIOI_TINH], [MOI_QUAN_HE]) VALUES (N'308431', N'DANG THI THU TRANG', CAST(N'1968-06-01' AS Date), N'NU    ', N'CHI   ')
INSERT [dbo].[NGUOI_PHU_THUOC] ([NV_MA_NHAN_VIEN], [TEN_NGUOI_PHU_THUOC], [NAM_SINH], [GIOI_TINH], [MOI_QUAN_HE]) VALUES (N'314946', N'LAM VAN TAM', CAST(N'1975-10-26' AS Date), N'NAM   ', N'ANH   ')
INSERT [dbo].[NGUOI_PHU_THUOC] ([NV_MA_NHAN_VIEN], [TEN_NGUOI_PHU_THUOC], [NAM_SINH], [GIOI_TINH], [MOI_QUAN_HE]) VALUES (N'329728', N'NGUYEN CONG THANH', CAST(N'1975-07-18' AS Date), N'NAM   ', N'EM    ')
INSERT [dbo].[NGUOI_PHU_THUOC] ([NV_MA_NHAN_VIEN], [TEN_NGUOI_PHU_THUOC], [NAM_SINH], [GIOI_TINH], [MOI_QUAN_HE]) VALUES (N'422702', N'THU TRANG', CAST(N'1958-12-05' AS Date), N'NU    ', N'ME    ')
INSERT [dbo].[NGUOI_PHU_THUOC] ([NV_MA_NHAN_VIEN], [TEN_NGUOI_PHU_THUOC], [NAM_SINH], [GIOI_TINH], [MOI_QUAN_HE]) VALUES (N'471897', N'LE THI GAI', CAST(N'1966-12-01' AS Date), N'NU    ', N'ME    ')
INSERT [dbo].[NGUOI_PHU_THUOC] ([NV_MA_NHAN_VIEN], [TEN_NGUOI_PHU_THUOC], [NAM_SINH], [GIOI_TINH], [MOI_QUAN_HE]) VALUES (N'494187', N'HUYNH THI TUYET HOA', CAST(N'1959-06-19' AS Date), N'NU    ', N'DI    ')
INSERT [dbo].[NGUOI_PHU_THUOC] ([NV_MA_NHAN_VIEN], [TEN_NGUOI_PHU_THUOC], [NAM_SINH], [GIOI_TINH], [MOI_QUAN_HE]) VALUES (N'578572', N'DOAN NGOC THI', CAST(N'1975-03-24' AS Date), N'NU    ', N'CON   ')
INSERT [dbo].[NGUOI_PHU_THUOC] ([NV_MA_NHAN_VIEN], [TEN_NGUOI_PHU_THUOC], [NAM_SINH], [GIOI_TINH], [MOI_QUAN_HE]) VALUES (N'602167', N'DINH THI KIM LOAN', CAST(N'1970-12-10' AS Date), N'NU    ', N'CHI   ')
INSERT [dbo].[NGUOI_PHU_THUOC] ([NV_MA_NHAN_VIEN], [TEN_NGUOI_PHU_THUOC], [NAM_SINH], [GIOI_TINH], [MOI_QUAN_HE]) VALUES (N'675368', N'NGUYEN THANH HUNG', CAST(N'1965-01-17' AS Date), N'NAM   ', N'CHU   ')
INSERT [dbo].[NGUOI_PHU_THUOC] ([NV_MA_NHAN_VIEN], [TEN_NGUOI_PHU_THUOC], [NAM_SINH], [GIOI_TINH], [MOI_QUAN_HE]) VALUES (N'687712', N'TRAN PHI LONG', CAST(N'1963-01-23' AS Date), N'NAM   ', N'ANH   ')
INSERT [dbo].[NGUOI_PHU_THUOC] ([NV_MA_NHAN_VIEN], [TEN_NGUOI_PHU_THUOC], [NAM_SINH], [GIOI_TINH], [MOI_QUAN_HE]) VALUES (N'734673', N'NGUYEN THANH TUYEN ', CAST(N'1968-09-15' AS Date), N'NU    ', N'DI    ')
INSERT [dbo].[NGUOI_PHU_THUOC] ([NV_MA_NHAN_VIEN], [TEN_NGUOI_PHU_THUOC], [NAM_SINH], [GIOI_TINH], [MOI_QUAN_HE]) VALUES (N'754619', N'VU MINH UYEN', CAST(N'1976-02-20' AS Date), N'NU    ', N'EM    ')
INSERT [dbo].[NGUOI_PHU_THUOC] ([NV_MA_NHAN_VIEN], [TEN_NGUOI_PHU_THUOC], [NAM_SINH], [GIOI_TINH], [MOI_QUAN_HE]) VALUES (N'773531', N'DAO THI PHUONG', CAST(N'1976-01-28' AS Date), N'NU    ', N'EM    ')
INSERT [dbo].[NGUOI_PHU_THUOC] ([NV_MA_NHAN_VIEN], [TEN_NGUOI_PHU_THUOC], [NAM_SINH], [GIOI_TINH], [MOI_QUAN_HE]) VALUES (N'804248', N'BUI THI BICH', CAST(N'1977-06-19' AS Date), N'NU    ', N'EM    ')
INSERT [dbo].[NGUOI_PHU_THUOC] ([NV_MA_NHAN_VIEN], [TEN_NGUOI_PHU_THUOC], [NAM_SINH], [GIOI_TINH], [MOI_QUAN_HE]) VALUES (N'845291', N'TRAN VAN PHUOC', CAST(N'1974-12-23' AS Date), N'NAM   ', N'EM    ')
INSERT [dbo].[NGUOI_PHU_THUOC] ([NV_MA_NHAN_VIEN], [TEN_NGUOI_PHU_THUOC], [NAM_SINH], [GIOI_TINH], [MOI_QUAN_HE]) VALUES (N'857194', N'NGUYEN THANH NAM', CAST(N'1974-06-11' AS Date), N'NAM   ', N'EM    ')
INSERT [dbo].[NGUOI_PHU_THUOC] ([NV_MA_NHAN_VIEN], [TEN_NGUOI_PHU_THUOC], [NAM_SINH], [GIOI_TINH], [MOI_QUAN_HE]) VALUES (N'889537', N'NGUYEN NGOC HUE', CAST(N'1972-12-31' AS Date), N'NU    ', N'EM    ')
INSERT [dbo].[NGUOI_PHU_THUOC] ([NV_MA_NHAN_VIEN], [TEN_NGUOI_PHU_THUOC], [NAM_SINH], [GIOI_TINH], [MOI_QUAN_HE]) VALUES (N'910245', N'DINH THI THU LOAN', CAST(N'1972-07-11' AS Date), N'NU    ', N'CON   ')
INSERT [dbo].[NGUOI_PHU_THUOC] ([NV_MA_NHAN_VIEN], [TEN_NGUOI_PHU_THUOC], [NAM_SINH], [GIOI_TINH], [MOI_QUAN_HE]) VALUES (N'955218', N'LE THI HONG NHUNG', CAST(N'1971-10-02' AS Date), N'NU    ', N'CHI   ')
GO
INSERT [dbo].[NHAN_VIEN] ([MA_NHAN_VIEN], [NGAY_BAT_DAU_LAM_VIEC], [NGAY_SINH], [LUONG], [SO_TAI_KHOAN], [CN_MA_CHI_NHANH], [CMND]) VALUES (N'177270', CAST(N'1995-11-11' AS Date), CAST(N'1966-09-13' AS Date), 7000000, N'665139711                     ', N'37161834', N'020900734   ')
INSERT [dbo].[NHAN_VIEN] ([MA_NHAN_VIEN], [NGAY_BAT_DAU_LAM_VIEC], [NGAY_SINH], [LUONG], [SO_TAI_KHOAN], [CN_MA_CHI_NHANH], [CMND]) VALUES (N'308431', CAST(N'1991-05-05' AS Date), CAST(N'1971-06-06' AS Date), 5500000, N'181473948                     ', N'37161834', N'0111986242  ')
INSERT [dbo].[NHAN_VIEN] ([MA_NHAN_VIEN], [NGAY_BAT_DAU_LAM_VIEC], [NGAY_SINH], [LUONG], [SO_TAI_KHOAN], [CN_MA_CHI_NHANH], [CMND]) VALUES (N'314946', CAST(N'1996-01-26' AS Date), CAST(N'1969-07-03' AS Date), 5500000, N'942242498                     ', N'38256838', N'0162796593  ')
INSERT [dbo].[NHAN_VIEN] ([MA_NHAN_VIEN], [NGAY_BAT_DAU_LAM_VIEC], [NGAY_SINH], [LUONG], [SO_TAI_KHOAN], [CN_MA_CHI_NHANH], [CMND]) VALUES (N'329728', CAST(N'1994-02-22' AS Date), CAST(N'1974-04-26' AS Date), 5500000, N'545826202                     ', N'38256838', N'018255114   ')
INSERT [dbo].[NHAN_VIEN] ([MA_NHAN_VIEN], [NGAY_BAT_DAU_LAM_VIEC], [NGAY_SINH], [LUONG], [SO_TAI_KHOAN], [CN_MA_CHI_NHANH], [CMND]) VALUES (N'422702', CAST(N'1998-12-16' AS Date), CAST(N'1974-11-19' AS Date), 5500000, N'206907352                     ', N'38341500', N'020086255   ')
INSERT [dbo].[NHAN_VIEN] ([MA_NHAN_VIEN], [NGAY_BAT_DAU_LAM_VIEC], [NGAY_SINH], [LUONG], [SO_TAI_KHOAN], [CN_MA_CHI_NHANH], [CMND]) VALUES (N'471897', CAST(N'1999-07-11' AS Date), CAST(N'1971-01-01' AS Date), 5500000, N'809251326                     ', N'38341500', N'0201359370  ')
INSERT [dbo].[NHAN_VIEN] ([MA_NHAN_VIEN], [NGAY_BAT_DAU_LAM_VIEC], [NGAY_SINH], [LUONG], [SO_TAI_KHOAN], [CN_MA_CHI_NHANH], [CMND]) VALUES (N'494187', CAST(N'1995-08-23' AS Date), CAST(N'1965-09-22' AS Date), 5500000, N'810248846                     ', N'38368262', N'020343551   ')
INSERT [dbo].[NHAN_VIEN] ([MA_NHAN_VIEN], [NGAY_BAT_DAU_LAM_VIEC], [NGAY_SINH], [LUONG], [SO_TAI_KHOAN], [CN_MA_CHI_NHANH], [CMND]) VALUES (N'578572', CAST(N'1990-05-14' AS Date), CAST(N'1960-06-27' AS Date), 5500000, N'685489652                     ', N'38368262', N'020948403   ')
INSERT [dbo].[NHAN_VIEN] ([MA_NHAN_VIEN], [NGAY_BAT_DAU_LAM_VIEC], [NGAY_SINH], [LUONG], [SO_TAI_KHOAN], [CN_MA_CHI_NHANH], [CMND]) VALUES (N'602167', CAST(N'1985-02-16' AS Date), CAST(N'1976-05-03' AS Date), 7500000, N'62467368                      ', N'38378888', N'0211578313  ')
INSERT [dbo].[NHAN_VIEN] ([MA_NHAN_VIEN], [NGAY_BAT_DAU_LAM_VIEC], [NGAY_SINH], [LUONG], [SO_TAI_KHOAN], [CN_MA_CHI_NHANH], [CMND]) VALUES (N'675368', CAST(N'2000-12-23' AS Date), CAST(N'1975-12-22' AS Date), 5500000, N'728427670                     ', N'38378888', N'0212012405  ')
INSERT [dbo].[NHAN_VIEN] ([MA_NHAN_VIEN], [NGAY_BAT_DAU_LAM_VIEC], [NGAY_SINH], [LUONG], [SO_TAI_KHOAN], [CN_MA_CHI_NHANH], [CMND]) VALUES (N'687712', CAST(N'1991-05-05' AS Date), CAST(N'1966-09-13' AS Date), 5500000, N'486182709                     ', N'38379004', N'021410447   ')
INSERT [dbo].[NHAN_VIEN] ([MA_NHAN_VIEN], [NGAY_BAT_DAU_LAM_VIEC], [NGAY_SINH], [LUONG], [SO_TAI_KHOAN], [CN_MA_CHI_NHANH], [CMND]) VALUES (N'734673', CAST(N'2000-08-12' AS Date), CAST(N'1974-10-02' AS Date), 5500000, N'370229254                     ', N'38379004', N'021561551   ')
INSERT [dbo].[NHAN_VIEN] ([MA_NHAN_VIEN], [NGAY_BAT_DAU_LAM_VIEC], [NGAY_SINH], [LUONG], [SO_TAI_KHOAN], [CN_MA_CHI_NHANH], [CMND]) VALUES (N'754619', CAST(N'1999-05-24' AS Date), CAST(N'1973-02-20' AS Date), 7500000, N'59317315                      ', N'38423327', N'021683120   ')
INSERT [dbo].[NHAN_VIEN] ([MA_NHAN_VIEN], [NGAY_BAT_DAU_LAM_VIEC], [NGAY_SINH], [LUONG], [SO_TAI_KHOAN], [CN_MA_CHI_NHANH], [CMND]) VALUES (N'773531', CAST(N'1997-10-12' AS Date), CAST(N'1970-04-10' AS Date), 7000000, N'583887807                     ', N'38423327', N'021702577   ')
INSERT [dbo].[NHAN_VIEN] ([MA_NHAN_VIEN], [NGAY_BAT_DAU_LAM_VIEC], [NGAY_SINH], [LUONG], [SO_TAI_KHOAN], [CN_MA_CHI_NHANH], [CMND]) VALUES (N'804248', CAST(N'1994-11-30' AS Date), CAST(N'1975-02-16' AS Date), 5500000, N'560506580                     ', N'38444140', N'021955220   ')
INSERT [dbo].[NHAN_VIEN] ([MA_NHAN_VIEN], [NGAY_BAT_DAU_LAM_VIEC], [NGAY_SINH], [LUONG], [SO_TAI_KHOAN], [CN_MA_CHI_NHANH], [CMND]) VALUES (N'845291', CAST(N'1999-10-08' AS Date), CAST(N'1971-02-20' AS Date), 5500000, N'190206514                     ', N'38444140', N'022113864   ')
INSERT [dbo].[NHAN_VIEN] ([MA_NHAN_VIEN], [NGAY_BAT_DAU_LAM_VIEC], [NGAY_SINH], [LUONG], [SO_TAI_KHOAN], [CN_MA_CHI_NHANH], [CMND]) VALUES (N'857194', CAST(N'1995-10-12' AS Date), CAST(N'1968-10-30' AS Date), 5500000, N'763834802                     ', N'38452670', N'022223159   ')
INSERT [dbo].[NHAN_VIEN] ([MA_NHAN_VIEN], [NGAY_BAT_DAU_LAM_VIEC], [NGAY_SINH], [LUONG], [SO_TAI_KHOAN], [CN_MA_CHI_NHANH], [CMND]) VALUES (N'889537', CAST(N'1993-06-21' AS Date), CAST(N'1968-08-15' AS Date), 5500000, N'364425049                     ', N'38452670', N'022249131   ')
INSERT [dbo].[NHAN_VIEN] ([MA_NHAN_VIEN], [NGAY_BAT_DAU_LAM_VIEC], [NGAY_SINH], [LUONG], [SO_TAI_KHOAN], [CN_MA_CHI_NHANH], [CMND]) VALUES (N'910245', CAST(N'1993-04-06' AS Date), CAST(N'1957-01-01' AS Date), 7000000, N'423317126                     ', N'38482131', N'022336889   ')
INSERT [dbo].[NHAN_VIEN] ([MA_NHAN_VIEN], [NGAY_BAT_DAU_LAM_VIEC], [NGAY_SINH], [LUONG], [SO_TAI_KHOAN], [CN_MA_CHI_NHANH], [CMND]) VALUES (N'955218', CAST(N'1981-08-23' AS Date), CAST(N'1974-03-09' AS Date), 7000000, N'964900982                     ', N'38482131', N'022378439   ')
GO
INSERT [dbo].[PHU_KIEN] ([MA_SAN_PHAM], [SAN_PHAN_HO_TRO]) VALUES (N'MN1111    ', N'LOA')
INSERT [dbo].[PHU_KIEN] ([MA_SAN_PHAM], [SAN_PHAN_HO_TRO]) VALUES (N'MN2222    ', N'LOA')
INSERT [dbo].[PHU_KIEN] ([MA_SAN_PHAM], [SAN_PHAN_HO_TRO]) VALUES (N'MN3333    ', N'LOA')
INSERT [dbo].[PHU_KIEN] ([MA_SAN_PHAM], [SAN_PHAN_HO_TRO]) VALUES (N'MN4444    ', N'LOA')
INSERT [dbo].[PHU_KIEN] ([MA_SAN_PHAM], [SAN_PHAN_HO_TRO]) VALUES (N'MN5555    ', N'LOA')
INSERT [dbo].[PHU_KIEN] ([MA_SAN_PHAM], [SAN_PHAN_HO_TRO]) VALUES (N'OPE111    ', N'LOA')
INSERT [dbo].[PHU_KIEN] ([MA_SAN_PHAM], [SAN_PHAN_HO_TRO]) VALUES (N'OPE222    ', N'LOA')
INSERT [dbo].[PHU_KIEN] ([MA_SAN_PHAM], [SAN_PHAN_HO_TRO]) VALUES (N'OPE333    ', N'LOA')
INSERT [dbo].[PHU_KIEN] ([MA_SAN_PHAM], [SAN_PHAN_HO_TRO]) VALUES (N'OPE444    ', N'LOA')
INSERT [dbo].[PHU_KIEN] ([MA_SAN_PHAM], [SAN_PHAN_HO_TRO]) VALUES (N'OPE555    ', N'LOA')
GO
INSERT [dbo].[QUAN_LY_KHO] ([NV_MA_NHAN_VIEN], [TRINH_DO_QUAN_LY]) VALUES (N'675368', N'tap su                        ')
INSERT [dbo].[QUAN_LY_KHO] ([NV_MA_NHAN_VIEN], [TRINH_DO_QUAN_LY]) VALUES (N'687712', N'cap 1                         ')
INSERT [dbo].[QUAN_LY_KHO] ([NV_MA_NHAN_VIEN], [TRINH_DO_QUAN_LY]) VALUES (N'734673', N'cap 2                         ')
INSERT [dbo].[QUAN_LY_KHO] ([NV_MA_NHAN_VIEN], [TRINH_DO_QUAN_LY]) VALUES (N'804248', N'cap 3                         ')
INSERT [dbo].[QUAN_LY_KHO] ([NV_MA_NHAN_VIEN], [TRINH_DO_QUAN_LY]) VALUES (N'889537', N'cap 4                         ')
GO
INSERT [dbo].[SAN_PHAM] ([MA_SAN_PHAM], [TEN_SAN_PHAM], [GIA_BAN], [NGAY_NHAP], [GIA_NHAP], [THOI_GIAN_BAO_HANH], [TEN_HANG], [MA_SO_HANG], [XUAT_SU], [MA_CHI_NHANH]) VALUES (N'MN1111    ', N'MINIBOX L 80D', 6500000, CAST(N'2019-08-28' AS Date), 3800000, N'11
', N'MINIBOX', N'77121124
', N'VIET NAM', N'38452670')
INSERT [dbo].[SAN_PHAM] ([MA_SAN_PHAM], [TEN_SAN_PHAM], [GIA_BAN], [NGAY_NHAP], [GIA_NHAP], [THOI_GIAN_BAO_HANH], [TEN_HANG], [MA_SO_HANG], [XUAT_SU], [MA_CHI_NHANH]) VALUES (N'MN2222    ', N'MINIBOX L 160D', 5000000, CAST(N'2019-03-02' AS Date), 2750000, N'11
', N'MINIBOX', N'77121124
', N'VIET NAM', N'38452670')
INSERT [dbo].[SAN_PHAM] ([MA_SAN_PHAM], [TEN_SAN_PHAM], [GIA_BAN], [NGAY_NHAP], [GIA_NHAP], [THOI_GIAN_BAO_HANH], [TEN_HANG], [MA_SO_HANG], [XUAT_SU], [MA_CHI_NHANH]) VALUES (N'MN3333    ', N'MINIBOX K 70', 4500000, CAST(N'2019-05-30' AS Date), 2500000, N'12
', N'MINIBOX', N'77121124
', N'VIET NAM', N'38452670')
INSERT [dbo].[SAN_PHAM] ([MA_SAN_PHAM], [TEN_SAN_PHAM], [GIA_BAN], [NGAY_NHAP], [GIA_NHAP], [THOI_GIAN_BAO_HANH], [TEN_HANG], [MA_SO_HANG], [XUAT_SU], [MA_CHI_NHANH]) VALUES (N'MN4444    ', N'MINIBOX K 162', 7600000, CAST(N'2019-04-18' AS Date), 4000000, N'12
', N'MINIBOX', N'77121124
', N'VIET NAM', N'38452670')
INSERT [dbo].[SAN_PHAM] ([MA_SAN_PHAM], [TEN_SAN_PHAM], [GIA_BAN], [NGAY_NHAP], [GIA_NHAP], [THOI_GIAN_BAO_HANH], [TEN_HANG], [MA_SO_HANG], [XUAT_SU], [MA_CHI_NHANH]) VALUES (N'MN5555    ', N'MINIBOX K 300', 3999000, CAST(N'2019-08-30' AS Date), 1200000, N'12
', N'MINIBOX', N'77121124
', N'VIET NAM', N'38452670')
INSERT [dbo].[SAN_PHAM] ([MA_SAN_PHAM], [TEN_SAN_PHAM], [GIA_BAN], [NGAY_NHAP], [GIA_NHAP], [THOI_GIAN_BAO_HANH], [TEN_HANG], [MA_SO_HANG], [XUAT_SU], [MA_CHI_NHANH]) VALUES (N'OPE111    ', N'OPERA UNICA 12', 4200000, CAST(N'2020-05-05' AS Date), 2150000, N'12
', N'OPERA', N'55668086
', N'VIET NAM', N'38482131')
INSERT [dbo].[SAN_PHAM] ([MA_SAN_PHAM], [TEN_SAN_PHAM], [GIA_BAN], [NGAY_NHAP], [GIA_NHAP], [THOI_GIAN_BAO_HANH], [TEN_HANG], [MA_SO_HANG], [XUAT_SU], [MA_CHI_NHANH]) VALUES (N'OPE222    ', N'OPERA UNICA 15', 3900000, CAST(N'2019-03-16' AS Date), 1800000, N'12
', N'OPERA', N'55668086
', N'VIET NAM', N'38482131')
INSERT [dbo].[SAN_PHAM] ([MA_SAN_PHAM], [TEN_SAN_PHAM], [GIA_BAN], [NGAY_NHAP], [GIA_NHAP], [THOI_GIAN_BAO_HANH], [TEN_HANG], [MA_SO_HANG], [XUAT_SU], [MA_CHI_NHANH]) VALUES (N'OPE333    ', N'OPERA 10', 6700000, CAST(N'2019-02-22' AS Date), 4000000, N'12
', N'OPERA', N'55668086
', N'VIET NAM', N'38482131')
INSERT [dbo].[SAN_PHAM] ([MA_SAN_PHAM], [TEN_SAN_PHAM], [GIA_BAN], [NGAY_NHAP], [GIA_NHAP], [THOI_GIAN_BAO_HANH], [TEN_HANG], [MA_SO_HANG], [XUAT_SU], [MA_CHI_NHANH]) VALUES (N'OPE444    ', N'OPERA 12', 2000000, CAST(N'2020-03-23' AS Date), 1030000, N'12
', N'OPERA', N'55668086
', N'VIET NAM', N'38482131')
INSERT [dbo].[SAN_PHAM] ([MA_SAN_PHAM], [TEN_SAN_PHAM], [GIA_BAN], [NGAY_NHAP], [GIA_NHAP], [THOI_GIAN_BAO_HANH], [TEN_HANG], [MA_SO_HANG], [XUAT_SU], [MA_CHI_NHANH]) VALUES (N'OPE555    ', N'OPERA 15', 9000000, CAST(N'2020-03-24' AS Date), 4500000, N'12
', N'OPERA', N'55668086
', N'VIET NAM', N'38482131')
INSERT [dbo].[SAN_PHAM] ([MA_SAN_PHAM], [TEN_SAN_PHAM], [GIA_BAN], [NGAY_NHAP], [GIA_NHAP], [THOI_GIAN_BAO_HANH], [TEN_HANG], [MA_SO_HANG], [XUAT_SU], [MA_CHI_NHANH]) VALUES (N'SS1674
  ', N'Samsung Galaxy Note10+ 5G
', 15000000, CAST(N'2019-10-15' AS Date), 10000000, N'15
', N'SAMSUNG', N'81553179
', N'VIET NAM', N'38368262')
INSERT [dbo].[SAN_PHAM] ([MA_SAN_PHAM], [TEN_SAN_PHAM], [GIA_BAN], [NGAY_NHAP], [GIA_NHAP], [THOI_GIAN_BAO_HANH], [TEN_HANG], [MA_SO_HANG], [XUAT_SU], [MA_CHI_NHANH]) VALUES (N'SS1783
  ', N'Samsung Galaxy Note10 Lite
', 11490000, CAST(N'2019-02-24' AS Date), 8000000, N'10
', N'SAMSUNG', N'81553179
', N'VIET NAM', N'38368262')
INSERT [dbo].[SAN_PHAM] ([MA_SAN_PHAM], [TEN_SAN_PHAM], [GIA_BAN], [NGAY_NHAP], [GIA_NHAP], [THOI_GIAN_BAO_HANH], [TEN_HANG], [MA_SO_HANG], [XUAT_SU], [MA_CHI_NHANH]) VALUES (N'SS2247
  ', N'Samsung Galaxy Note I717
', 11999990, CAST(N'2019-06-06' AS Date), 7000000, N'14
', N'SAMSUNG', N'81553179
', N'VIET NAM', N'38423327')
INSERT [dbo].[SAN_PHAM] ([MA_SAN_PHAM], [TEN_SAN_PHAM], [GIA_BAN], [NGAY_NHAP], [GIA_NHAP], [THOI_GIAN_BAO_HANH], [TEN_HANG], [MA_SO_HANG], [XUAT_SU], [MA_CHI_NHANH]) VALUES (N'SS3007
  ', N'Samsung Galaxy Note T879
', 11490000, CAST(N'2020-02-29' AS Date), 8500000, N'10
', N'SAMSUNG', N'81553179
', N'VIET NAM', N'38378888')
INSERT [dbo].[SAN_PHAM] ([MA_SAN_PHAM], [TEN_SAN_PHAM], [GIA_BAN], [NGAY_NHAP], [GIA_NHAP], [THOI_GIAN_BAO_HANH], [TEN_HANG], [MA_SO_HANG], [XUAT_SU], [MA_CHI_NHANH]) VALUES (N'SS3517
  ', N'Samsung Galaxy Note8
', 12500000, CAST(N'2020-01-18' AS Date), 8100000, N'18
', N'SAMSUNG', N'81553179
', N'VIET NAM', N'38341500')
INSERT [dbo].[SAN_PHAM] ([MA_SAN_PHAM], [TEN_SAN_PHAM], [GIA_BAN], [NGAY_NHAP], [GIA_NHAP], [THOI_GIAN_BAO_HANH], [TEN_HANG], [MA_SO_HANG], [XUAT_SU], [MA_CHI_NHANH]) VALUES (N'SS3673
  ', N'Samsung Galaxy Note10 5G
', 16000000, CAST(N'2019-04-22' AS Date), 11200000, N'10
', N'SAMSUNG', N'81553179
', N'VIET NAM', N'38378888')
INSERT [dbo].[SAN_PHAM] ([MA_SAN_PHAM], [TEN_SAN_PHAM], [GIA_BAN], [NGAY_NHAP], [GIA_NHAP], [THOI_GIAN_BAO_HANH], [TEN_HANG], [MA_SO_HANG], [XUAT_SU], [MA_CHI_NHANH]) VALUES (N'SS3743
  ', N'Samsung Galaxy Note LTE 10.1 N8020
', 11590000, CAST(N'2020-04-13' AS Date), 7000000, N'14
', N'SAMSUNG', N'81553179
', N'VIET NAM', N'38379004')
INSERT [dbo].[SAN_PHAM] ([MA_SAN_PHAM], [TEN_SAN_PHAM], [GIA_BAN], [NGAY_NHAP], [GIA_NHAP], [THOI_GIAN_BAO_HANH], [TEN_HANG], [MA_SO_HANG], [XUAT_SU], [MA_CHI_NHANH]) VALUES (N'SS3970
  ', N'Samsung Galaxy Note5
', 8000000, CAST(N'2019-10-01' AS Date), 4500000, N'15
', N'SAMSUNG', N'81553179
', N'VIET NAM', N'38368262')
INSERT [dbo].[SAN_PHAM] ([MA_SAN_PHAM], [TEN_SAN_PHAM], [GIA_BAN], [NGAY_NHAP], [GIA_NHAP], [THOI_GIAN_BAO_HANH], [TEN_HANG], [MA_SO_HANG], [XUAT_SU], [MA_CHI_NHANH]) VALUES (N'SS4079
  ', N'Samsung Galaxy Note10+
', 17290000, CAST(N'2019-03-07' AS Date), 12500000, N'15
', N'SAMSUNG', N'81553179
', N'VIET NAM', N'38368262')
INSERT [dbo].[SAN_PHAM] ([MA_SAN_PHAM], [TEN_SAN_PHAM], [GIA_BAN], [NGAY_NHAP], [GIA_NHAP], [THOI_GIAN_BAO_HANH], [TEN_HANG], [MA_SO_HANG], [XUAT_SU], [MA_CHI_NHANH]) VALUES (N'SS6425
  ', N'Samsung Galaxy Note7
', 12000000, CAST(N'2019-08-24' AS Date), 10000000, N'15
', N'SAMSUNG', N'81553179
', N'VIET NAM', N'38368262')
INSERT [dbo].[SAN_PHAM] ([MA_SAN_PHAM], [TEN_SAN_PHAM], [GIA_BAN], [NGAY_NHAP], [GIA_NHAP], [THOI_GIAN_BAO_HANH], [TEN_HANG], [MA_SO_HANG], [XUAT_SU], [MA_CHI_NHANH]) VALUES (N'SS6530
  ', N'Samsung Galaxy Note9
', 11000000, CAST(N'2020-04-02' AS Date), 6500000, N'17
', N'SAMSUNG', N'81553179
', N'VIET NAM', N'38341500')
INSERT [dbo].[SAN_PHAM] ([MA_SAN_PHAM], [TEN_SAN_PHAM], [GIA_BAN], [NGAY_NHAP], [GIA_NHAP], [THOI_GIAN_BAO_HANH], [TEN_HANG], [MA_SO_HANG], [XUAT_SU], [MA_CHI_NHANH]) VALUES (N'SS6767
  ', N'Samsung Galaxy Note N7000
', 12000000, CAST(N'2019-01-05' AS Date), 7000000, N'10
', N'SAMSUNG', N'81553179
', N'VIET NAM', N'38379004')
INSERT [dbo].[SAN_PHAM] ([MA_SAN_PHAM], [TEN_SAN_PHAM], [GIA_BAN], [NGAY_NHAP], [GIA_NHAP], [THOI_GIAN_BAO_HANH], [TEN_HANG], [MA_SO_HANG], [XUAT_SU], [MA_CHI_NHANH]) VALUES (N'SS7614
  ', N'Samsung Galaxy Note Pro 12.2 3G
', 18000000, CAST(N'2019-06-13' AS Date), 10500000, N'10
', N'SAMSUNG', N'81553179
', N'VIET NAM', N'38379004')
INSERT [dbo].[SAN_PHAM] ([MA_SAN_PHAM], [TEN_SAN_PHAM], [GIA_BAN], [NGAY_NHAP], [GIA_NHAP], [THOI_GIAN_BAO_HANH], [TEN_HANG], [MA_SO_HANG], [XUAT_SU], [MA_CHI_NHANH]) VALUES (N'SS7789
  ', N'Samsung Galaxy Note Pro 12.2
', 17500000, CAST(N'2019-06-13' AS Date), 10300000, N'10
', N'SAMSUNG', N'81553179
', N'VIET NAM', N'38379004')
INSERT [dbo].[SAN_PHAM] ([MA_SAN_PHAM], [TEN_SAN_PHAM], [GIA_BAN], [NGAY_NHAP], [GIA_NHAP], [THOI_GIAN_BAO_HANH], [TEN_HANG], [MA_SO_HANG], [XUAT_SU], [MA_CHI_NHANH]) VALUES (N'SS8178
  ', N'Samsung Galaxy Note II CDMA
', 15000000, CAST(N'2019-08-10' AS Date), 9000000, N'14
', N'SAMSUNG', N'81553179
', N'VIET NAM', N'38423327')
INSERT [dbo].[SAN_PHAM] ([MA_SAN_PHAM], [TEN_SAN_PHAM], [GIA_BAN], [NGAY_NHAP], [GIA_NHAP], [THOI_GIAN_BAO_HANH], [TEN_HANG], [MA_SO_HANG], [XUAT_SU], [MA_CHI_NHANH]) VALUES (N'SS8232
  ', N'Samsung Galaxy Note10
', 12000000, CAST(N'2019-03-13' AS Date), 7000000, N'10
', N'SAMSUNG', N'81553179
', N'VIET NAM', N'38378888')
INSERT [dbo].[SAN_PHAM] ([MA_SAN_PHAM], [TEN_SAN_PHAM], [GIA_BAN], [NGAY_NHAP], [GIA_NHAP], [THOI_GIAN_BAO_HANH], [TEN_HANG], [MA_SO_HANG], [XUAT_SU], [MA_CHI_NHANH]) VALUES (N'SS8645
  ', N'Samsung Galaxy Note Pro 12.2 LTE
', 11000000, CAST(N'2019-02-13' AS Date), 7300000, N'10
', N'SAMSUNG', N'81553179
', N'VIET NAM', N'38378888')
INSERT [dbo].[SAN_PHAM] ([MA_SAN_PHAM], [TEN_SAN_PHAM], [GIA_BAN], [NGAY_NHAP], [GIA_NHAP], [THOI_GIAN_BAO_HANH], [TEN_HANG], [MA_SO_HANG], [XUAT_SU], [MA_CHI_NHANH]) VALUES (N'SS8739
  ', N'Samsung Galaxy Note 8.0
', 9000000, CAST(N'2020-03-01' AS Date), 5000000, N'14
', N'SAMSUNG', N'81553179
', N'VIET NAM', N'38423327')
INSERT [dbo].[SAN_PHAM] ([MA_SAN_PHAM], [TEN_SAN_PHAM], [GIA_BAN], [NGAY_NHAP], [GIA_NHAP], [THOI_GIAN_BAO_HANH], [TEN_HANG], [MA_SO_HANG], [XUAT_SU], [MA_CHI_NHANH]) VALUES (N'SS9555
  ', N'Samsung Galaxy Note II N7100
', 4000000, CAST(N'2020-03-07' AS Date), 1500000, N'14
', N'SAMSUNG', N'81553179
', N'VIET NAM', N'38379004')
INSERT [dbo].[SAN_PHAM] ([MA_SAN_PHAM], [TEN_SAN_PHAM], [GIA_BAN], [NGAY_NHAP], [GIA_NHAP], [THOI_GIAN_BAO_HANH], [TEN_HANG], [MA_SO_HANG], [XUAT_SU], [MA_CHI_NHANH]) VALUES (N'TO1385
  ', N'Toshiba Tecra A50-D-11M
', 6000000, CAST(N'2019-02-01' AS Date), 3000000, N'11
', N'TOSHIBA', N'24380313
', N'VIET NAM', N'38444140')
INSERT [dbo].[SAN_PHAM] ([MA_SAN_PHAM], [TEN_SAN_PHAM], [GIA_BAN], [NGAY_NHAP], [GIA_NHAP], [THOI_GIAN_BAO_HANH], [TEN_HANG], [MA_SO_HANG], [XUAT_SU], [MA_CHI_NHANH]) VALUES (N'TO1803
  ', N'Toshiba Tecra A40-C-1MR
', 9500000, CAST(N'2019-05-20' AS Date), 6500000, N'11
', N'TOSHIBA', N'24380313
', N'VIET NAM', N'38444140')
INSERT [dbo].[SAN_PHAM] ([MA_SAN_PHAM], [TEN_SAN_PHAM], [GIA_BAN], [NGAY_NHAP], [GIA_NHAP], [THOI_GIAN_BAO_HANH], [TEN_HANG], [MA_SO_HANG], [XUAT_SU], [MA_CHI_NHANH]) VALUES (N'TO2319
  ', N'Toshiba Satellite Pro A50-C-256
', 9000000, CAST(N'2019-07-22' AS Date), 4000000, N'16
', N'TOSHIBA', N'24380313
', N'VIET NAM', N'37161834')
INSERT [dbo].[SAN_PHAM] ([MA_SAN_PHAM], [TEN_SAN_PHAM], [GIA_BAN], [NGAY_NHAP], [GIA_NHAP], [THOI_GIAN_BAO_HANH], [TEN_HANG], [MA_SO_HANG], [XUAT_SU], [MA_CHI_NHANH]) VALUES (N'TO2468
  ', N'Toshiba Satellite Pro Satellite Pro A50-C-204
', 12000000, CAST(N'2019-04-18' AS Date), 7000000, N'11
', N'TOSHIBA', N'24380313
', N'VIET NAM', N'38444140')
INSERT [dbo].[SAN_PHAM] ([MA_SAN_PHAM], [TEN_SAN_PHAM], [GIA_BAN], [NGAY_NHAP], [GIA_NHAP], [THOI_GIAN_BAO_HANH], [TEN_HANG], [MA_SO_HANG], [XUAT_SU], [MA_CHI_NHANH]) VALUES (N'TO2528
  ', N'Toshiba Satellite Pro A50-C-2FR
', 15000000, CAST(N'2019-04-09' AS Date), 9500000, N'11
', N'TOSHIBA', N'24380313
', N'VIET NAM', N'37161834')
INSERT [dbo].[SAN_PHAM] ([MA_SAN_PHAM], [TEN_SAN_PHAM], [GIA_BAN], [NGAY_NHAP], [GIA_NHAP], [THOI_GIAN_BAO_HANH], [TEN_HANG], [MA_SO_HANG], [XUAT_SU], [MA_CHI_NHANH]) VALUES (N'TO3438
  ', N'Toshiba Satellite Pro Satellite Pro A30-D-10E
', 17500000, CAST(N'2020-05-24' AS Date), 9800000, N'11
', N'TOSHIBA', N'24380313
', N'VIET NAM', N'38444140')
INSERT [dbo].[SAN_PHAM] ([MA_SAN_PHAM], [TEN_SAN_PHAM], [GIA_BAN], [NGAY_NHAP], [GIA_NHAP], [THOI_GIAN_BAO_HANH], [TEN_HANG], [MA_SO_HANG], [XUAT_SU], [MA_CHI_NHANH]) VALUES (N'TO3715
  ', N'Toshiba Satellite Pro A50-D-10J
', 17500000, CAST(N'2020-01-26' AS Date), 9800000, N'13
', N'TOSHIBA', N'24380313
', N'VIET NAM', N'37161834')
INSERT [dbo].[SAN_PHAM] ([MA_SAN_PHAM], [TEN_SAN_PHAM], [GIA_BAN], [NGAY_NHAP], [GIA_NHAP], [THOI_GIAN_BAO_HANH], [TEN_HANG], [MA_SO_HANG], [XUAT_SU], [MA_CHI_NHANH]) VALUES (N'TO3760
  ', N'Toshiba Satellite Pro A40-C-1D8
', 18500000, CAST(N'2019-04-26' AS Date), 10000000, N'11
', N'TOSHIBA', N'24380313
', N'VIET NAM', N'38256838')
INSERT [dbo].[SAN_PHAM] ([MA_SAN_PHAM], [TEN_SAN_PHAM], [GIA_BAN], [NGAY_NHAP], [GIA_NHAP], [THOI_GIAN_BAO_HANH], [TEN_HANG], [MA_SO_HANG], [XUAT_SU], [MA_CHI_NHANH]) VALUES (N'TO4501
  ', N'Toshiba Tecra A50-C-1ZU
', 19000000, CAST(N'2019-11-03' AS Date), 11000000, N'11
', N'TOSHIBA', N'24380313
', N'VIET NAM', N'38423327')
INSERT [dbo].[SAN_PHAM] ([MA_SAN_PHAM], [TEN_SAN_PHAM], [GIA_BAN], [NGAY_NHAP], [GIA_NHAP], [THOI_GIAN_BAO_HANH], [TEN_HANG], [MA_SO_HANG], [XUAT_SU], [MA_CHI_NHANH]) VALUES (N'TO5832
  ', N'Toshiba Satellite Pro R40-C-132
', 17000000, CAST(N'2019-05-10' AS Date), 8000000, N'11
', N'TOSHIBA', N'24380313
', N'VIET NAM', N'37161834')
INSERT [dbo].[SAN_PHAM] ([MA_SAN_PHAM], [TEN_SAN_PHAM], [GIA_BAN], [NGAY_NHAP], [GIA_NHAP], [THOI_GIAN_BAO_HANH], [TEN_HANG], [MA_SO_HANG], [XUAT_SU], [MA_CHI_NHANH]) VALUES (N'TO6138
  ', N'Toshiba Tecra A50-C-1ZT
', 16000000, CAST(N'2019-05-31' AS Date), 7800000, N'11
', N'TOSHIBA', N'24380313
', N'VIET NAM', N'38444140')
INSERT [dbo].[SAN_PHAM] ([MA_SAN_PHAM], [TEN_SAN_PHAM], [GIA_BAN], [NGAY_NHAP], [GIA_NHAP], [THOI_GIAN_BAO_HANH], [TEN_HANG], [MA_SO_HANG], [XUAT_SU], [MA_CHI_NHANH]) VALUES (N'TO6154
  ', N'Toshiba Satellite Pro A50-C-204
', 21000000, CAST(N'2020-05-09' AS Date), 13000000, N'16
', N'TOSHIBA', N'24380313
', N'VIET NAM', N'38256838')
INSERT [dbo].[SAN_PHAM] ([MA_SAN_PHAM], [TEN_SAN_PHAM], [GIA_BAN], [NGAY_NHAP], [GIA_NHAP], [THOI_GIAN_BAO_HANH], [TEN_HANG], [MA_SO_HANG], [XUAT_SU], [MA_CHI_NHANH]) VALUES (N'TO7927
  ', N'Toshiba Satellite Pro A50-C-24C
', 18000000, CAST(N'2019-09-06' AS Date), 9000000, N'16
', N'TOSHIBA', N'24380313
', N'VIET NAM', N'38256838')
INSERT [dbo].[SAN_PHAM] ([MA_SAN_PHAM], [TEN_SAN_PHAM], [GIA_BAN], [NGAY_NHAP], [GIA_NHAP], [THOI_GIAN_BAO_HANH], [TEN_HANG], [MA_SO_HANG], [XUAT_SU], [MA_CHI_NHANH]) VALUES (N'TO7945
  ', N'Toshiba Portege A30-D-10C
', 12000000, CAST(N'2019-10-01' AS Date), 5800000, N'13
', N'TOSHIBA', N'24380313
', N'VIET NAM', N'38256838')
INSERT [dbo].[SAN_PHAM] ([MA_SAN_PHAM], [TEN_SAN_PHAM], [GIA_BAN], [NGAY_NHAP], [GIA_NHAP], [THOI_GIAN_BAO_HANH], [TEN_HANG], [MA_SO_HANG], [XUAT_SU], [MA_CHI_NHANH]) VALUES (N'TO7962
  ', N'Toshiba dynabook A50-C-201
', 25000000, CAST(N'2019-07-03' AS Date), 14300000, N'10
', N'TOSHIBA', N'24380313
', N'VIET NAM', N'38341500')
INSERT [dbo].[SAN_PHAM] ([MA_SAN_PHAM], [TEN_SAN_PHAM], [GIA_BAN], [NGAY_NHAP], [GIA_NHAP], [THOI_GIAN_BAO_HANH], [TEN_HANG], [MA_SO_HANG], [XUAT_SU], [MA_CHI_NHANH]) VALUES (N'TO8269
  ', N'Toshiba Tecra A50-D-11D
', 4000000, CAST(N'2019-08-02' AS Date), 1600000, N'13
', N'TOSHIBA', N'24380313
', N'VIET NAM', N'38341500')
INSERT [dbo].[SAN_PHAM] ([MA_SAN_PHAM], [TEN_SAN_PHAM], [GIA_BAN], [NGAY_NHAP], [GIA_NHAP], [THOI_GIAN_BAO_HANH], [TEN_HANG], [MA_SO_HANG], [XUAT_SU], [MA_CHI_NHANH]) VALUES (N'TO8437
  ', N'Toshiba Satellite Pro A40-C-1D9
', 16490000, CAST(N'2020-05-03' AS Date), 8000000, N'16
', N'TOSHIBA', N'24380313
', N'VIET NAM', N'38256838')
INSERT [dbo].[SAN_PHAM] ([MA_SAN_PHAM], [TEN_SAN_PHAM], [GIA_BAN], [NGAY_NHAP], [GIA_NHAP], [THOI_GIAN_BAO_HANH], [TEN_HANG], [MA_SO_HANG], [XUAT_SU], [MA_CHI_NHANH]) VALUES (N'TO9015
  ', N'Toshiba Tecra A50-D-10M
', 12500000, CAST(N'2019-10-24' AS Date), 9350000, N'10
', N'TOSHIBA', N'24380313
', N'VIET NAM', N'38378888')
INSERT [dbo].[SAN_PHAM] ([MA_SAN_PHAM], [TEN_SAN_PHAM], [GIA_BAN], [NGAY_NHAP], [GIA_NHAP], [THOI_GIAN_BAO_HANH], [TEN_HANG], [MA_SO_HANG], [XUAT_SU], [MA_CHI_NHANH]) VALUES (N'TO9502
  ', N'Toshiba Portege A30-C-1D0
', 19490000, CAST(N'2019-11-23' AS Date), 9000000, N'12
', N'TOSHIBA', N'24380313
', N'VIET NAM', N'38341500')
INSERT [dbo].[SAN_PHAM] ([MA_SAN_PHAM], [TEN_SAN_PHAM], [GIA_BAN], [NGAY_NHAP], [GIA_NHAP], [THOI_GIAN_BAO_HANH], [TEN_HANG], [MA_SO_HANG], [XUAT_SU], [MA_CHI_NHANH]) VALUES (N'TO9554
  ', N'Toshiba Satellite Pro A50-D-14M
', 18000000, CAST(N'2019-01-03' AS Date), 9500000, N'17
', N'TOSHIBA', N'24380313
', N'VIET NAM', N'37161834')
INSERT [dbo].[SAN_PHAM] ([MA_SAN_PHAM], [TEN_SAN_PHAM], [GIA_BAN], [NGAY_NHAP], [GIA_NHAP], [THOI_GIAN_BAO_HANH], [TEN_HANG], [MA_SO_HANG], [XUAT_SU], [MA_CHI_NHANH]) VALUES (N'TO9854
  ', N'Toshiba Tecra A50-C-1ZV
', 7000000, CAST(N'2019-12-15' AS Date), 4200000, N'14
', N'TOSHIBA', N'24380313
', N'VIET NAM', N'38423327')
GO
INSERT [dbo].[THONG_TIN_CA_NHAN] ([CMND], [HO], [TEN_DEM], [TEN], [GIOI_TINH], [DIA_CHI], [EMAIL], [SO_DIEN_THOAI]) VALUES (N'0111986242  ', N'NGUYEN
', N' THUY Y 
', N'NHI
', N'F', N'130, P. 307, L3 Pasteur, P.Ben Nghe, Q.1
', N'nhi.nty@vib.com.vn
', N'0918744082')
INSERT [dbo].[THONG_TIN_CA_NHAN] ([CMND], [HO], [TEN_DEM], [TEN], [GIOI_TINH], [DIA_CHI], [EMAIL], [SO_DIEN_THOAI]) VALUES (N'0162796593  ', N'HUYNH
', N' KIM 
', N'GIAO
', N'F', N'64/12B Luy Ban Bich, P.Tan Thai Hoa, Q.Tan Phu', N'giao@vib.com.vn
', N'0908391783')
INSERT [dbo].[THONG_TIN_CA_NHAN] ([CMND], [HO], [TEN_DEM], [TEN], [GIOI_TINH], [DIA_CHI], [EMAIL], [SO_DIEN_THOAI]) VALUES (N'018255114   ', N'NGUYEN
', N' THI THÚY 
', N'TRINH
', N'F', N'281/29/5 Le Van Si, P.1, Q.Tan Binh', N'trinh@vib.com.vn
', N'0912663552')
INSERT [dbo].[THONG_TIN_CA_NHAN] ([CMND], [HO], [TEN_DEM], [TEN], [GIOI_TINH], [DIA_CHI], [EMAIL], [SO_DIEN_THOAI]) VALUES (N'020086255   ', N'NGUYEN
', N' ANH UYEN 
', N'TRAM
', N'F', N'199 Ly Chinh Thang, P.7, Q.3
', N'trâm@vib.com.vn
', N'0908151671')
INSERT [dbo].[THONG_TIN_CA_NHAN] ([CMND], [HO], [TEN_DEM], [TEN], [GIOI_TINH], [DIA_CHI], [EMAIL], [SO_DIEN_THOAI]) VALUES (N'0201359370  ', N'HA', N' THI 
', N'HUONG
', N'F', N'29/X35 Hoang Hoa Tham, P.12, Q.Tan Binh', N'huong.ht1@vib.com.vn
', N'0908552609')
INSERT [dbo].[THONG_TIN_CA_NHAN] ([CMND], [HO], [TEN_DEM], [TEN], [GIOI_TINH], [DIA_CHI], [EMAIL], [SO_DIEN_THOAI]) VALUES (N'020288711
 ', N'NGUYEN', N'THANH ', N'NHA', N'F', N'435-437 Hoa Hao, P.5, Q.10
', N'nhã@vib.com.vn
', N'0919694838')
INSERT [dbo].[THONG_TIN_CA_NHAN] ([CMND], [HO], [TEN_DEM], [TEN], [GIOI_TINH], [DIA_CHI], [EMAIL], [SO_DIEN_THOAI]) VALUES (N'020343551   ', N'LE
', N' VU HUE 
', N'ANH
', N'F', N'65/1/4 Mai Van Vinh, P.Tan Quy, Q.7
', N'anh.lvh@vib.com.vn
', N'0908760976')
INSERT [dbo].[THONG_TIN_CA_NHAN] ([CMND], [HO], [TEN_DEM], [TEN], [GIOI_TINH], [DIA_CHI], [EMAIL], [SO_DIEN_THOAI]) VALUES (N'020900734   ', N'VUONG
', N' HOÀNG 
', N'OANH
', N'F', N'636 xa lo Ha Noi, P. Phuc Long B, Q.9
', N'oanh@vib.com.vn
', N'0934008511')
INSERT [dbo].[THONG_TIN_CA_NHAN] ([CMND], [HO], [TEN_DEM], [TEN], [GIOI_TINH], [DIA_CHI], [EMAIL], [SO_DIEN_THOAI]) VALUES (N'020948403   ', N'NGUYEN
', N' NGO THANH', N'UYEN
', N'F', N'66/53 Tran Van Quang, P.10, Q. Tan Binh
', N'uyen.nnt@vib.com.vn
', N'0913977267')
INSERT [dbo].[THONG_TIN_CA_NHAN] ([CMND], [HO], [TEN_DEM], [TEN], [GIOI_TINH], [DIA_CHI], [EMAIL], [SO_DIEN_THOAI]) VALUES (N'0211578313  ', N'HUYNH
', N' HUU 
', N'TUONG
', N'M', N'B14 Nguyen Oanh, P.17, Q.Go Vap
', N'tuong@vib.com.vn
', N'0973333448')
INSERT [dbo].[THONG_TIN_CA_NHAN] ([CMND], [HO], [TEN_DEM], [TEN], [GIOI_TINH], [DIA_CHI], [EMAIL], [SO_DIEN_THOAI]) VALUES (N'0212012405  ', N'TRAN
', N' THI PHUONG 
', N'TRANG
', N'F', N'333/1 Dien Bien Phu, P.4, Q.3
', N'trang.ttp@vib.com.vn 
', N'0908401330')
INSERT [dbo].[THONG_TIN_CA_NHAN] ([CMND], [HO], [TEN_DEM], [TEN], [GIOI_TINH], [DIA_CHI], [EMAIL], [SO_DIEN_THOAI]) VALUES (N'021410447   ', N'TRAN
', N' NGOC HUY 
', N'KHOI
', N'M', N'51 Hoang Sa, P.Ða Kao, Q.1
', N'khoi.tnh@vib.com.vn
', N'0935242868')
INSERT [dbo].[THONG_TIN_CA_NHAN] ([CMND], [HO], [TEN_DEM], [TEN], [GIOI_TINH], [DIA_CHI], [EMAIL], [SO_DIEN_THOAI]) VALUES (N'021561551   ', N'DOÀN
', N' HUONG 
', N'TRA', N'F', N'195 Tran Binh Trong, P.3, Q.5
', N'trà@vib.com.vn
', N'0908785505')
INSERT [dbo].[THONG_TIN_CA_NHAN] ([CMND], [HO], [TEN_DEM], [TEN], [GIOI_TINH], [DIA_CHI], [EMAIL], [SO_DIEN_THOAI]) VALUES (N'021683120   ', N'HA
', N' THE 
', N'PHONG
', N'M', N'414/9 Ti 27, KP3, P.An Phu, Q.2
', N'phong.ht@vib.com.vn
', N'0908881737')
INSERT [dbo].[THONG_TIN_CA_NHAN] ([CMND], [HO], [TEN_DEM], [TEN], [GIOI_TINH], [DIA_CHI], [EMAIL], [SO_DIEN_THOAI]) VALUES (N'021702577   ', N'PHAM
', N' THI KIM 
', N'TUYEN
', N'F', N'16 Nguyen Cuu Van, P.17, Q.BT
', N'tuyen@vib.com.vn
', N'0908272705')
INSERT [dbo].[THONG_TIN_CA_NHAN] ([CMND], [HO], [TEN_DEM], [TEN], [GIOI_TINH], [DIA_CHI], [EMAIL], [SO_DIEN_THOAI]) VALUES (N'021955220   ', N'CHU
', N' XUAN', N'HA', N'F', N'124 Le Lai, P.3, Q.Go Vap
', N'hà@vib.com.vn
', N'0903787519')
INSERT [dbo].[THONG_TIN_CA_NHAN] ([CMND], [HO], [TEN_DEM], [TEN], [GIOI_TINH], [DIA_CHI], [EMAIL], [SO_DIEN_THOAI]) VALUES (N'022113864   ', N'PHAM
', N' LE NGOC', N'DAN
', N'F', N'206/598 Xo Viet Nghe Tinh, P.21, Q.BT
', N'dan@vib.com.vn
', N'0903958518')
INSERT [dbo].[THONG_TIN_CA_NHAN] ([CMND], [HO], [TEN_DEM], [TEN], [GIOI_TINH], [DIA_CHI], [EMAIL], [SO_DIEN_THOAI]) VALUES (N'022223159   ', N'PHAM
', N' VU HONG 
', N'QUYNH
', N'F', N'258/69 Tran Hung Dao, P.Nguyen Cu Trinh, Q.1
', N'quyen.pvh@vib.com.vn
', N'0983499644')
INSERT [dbo].[THONG_TIN_CA_NHAN] ([CMND], [HO], [TEN_DEM], [TEN], [GIOI_TINH], [DIA_CHI], [EMAIL], [SO_DIEN_THOAI]) VALUES (N'022249131   ', N'NGUYEN
', N' THI HANG 
', N'NGA
', N'F', N'Can ho B1-112 An Hoa, KP1, P.Tan Thuan Ðong, Q.7
', N'nga.nth@vib.com.vn
', N'0903610584')
INSERT [dbo].[THONG_TIN_CA_NHAN] ([CMND], [HO], [TEN_DEM], [TEN], [GIOI_TINH], [DIA_CHI], [EMAIL], [SO_DIEN_THOAI]) VALUES (N'022336889   ', N'LE', N'THI BICH', N'HOA
', N'F', N'61/16 duong so 20, P.6, Q.Go Vap
', N'hoa.ltb@vib.com.vn
', N'0907909084')
INSERT [dbo].[THONG_TIN_CA_NHAN] ([CMND], [HO], [TEN_DEM], [TEN], [GIOI_TINH], [DIA_CHI], [EMAIL], [SO_DIEN_THOAI]) VALUES (N'022378439   ', N'NGUYEN
', N' LÂM PHUONG 
', N'THAO
', N'F', N'33/07 Ðung Lo, P.7, Q.Tan Binh', N'thao.nlp@vib.com.vn
', N'0977517245')
INSERT [dbo].[THONG_TIN_CA_NHAN] ([CMND], [HO], [TEN_DEM], [TEN], [GIOI_TINH], [DIA_CHI], [EMAIL], [SO_DIEN_THOAI]) VALUES (N'022421760   ', N'NGUYEN
', N'THANH', N'NHON
', N'M', N'15/39 duong Cuu Xeo, P.Tan Son Nhi, Q.Tan Phu
', N'nhon.nt@vib.com.vn
', N'0909795699')
INSERT [dbo].[THONG_TIN_CA_NHAN] ([CMND], [HO], [TEN_DEM], [TEN], [GIOI_TINH], [DIA_CHI], [EMAIL], [SO_DIEN_THOAI]) VALUES (N'023186616   ', N'NGUYEN
', N' THI MINH 
', N'TAM', N'M', N'E 401 CC Conic Ðong Nam A, Nguyen Van Linh, P.5, Q.Binh Chanh
', N'tam.ntm@vib.com.vn
', N'0903061280')
INSERT [dbo].[THONG_TIN_CA_NHAN] ([CMND], [HO], [TEN_DEM], [TEN], [GIOI_TINH], [DIA_CHI], [EMAIL], [SO_DIEN_THOAI]) VALUES (N'023256461   ', N'CHU
', N' VAN 
', N'PHU', N'M', N'D2/12T tinh lo 10, P.Tan Tao, Q.Binh Tan
', N'phú@vib.com.vn
', N'0909811989')
INSERT [dbo].[THONG_TIN_CA_NHAN] ([CMND], [HO], [TEN_DEM], [TEN], [GIOI_TINH], [DIA_CHI], [EMAIL], [SO_DIEN_THOAI]) VALUES (N'023535671
 ', N'NGUYEN', N'XUAN', N'NHAM', N'M', N'10E Bui Van Ba, Q.7
', N'nham@vib.com.vn
', N'0918286551')
INSERT [dbo].[THONG_TIN_CA_NHAN] ([CMND], [HO], [TEN_DEM], [TEN], [GIOI_TINH], [DIA_CHI], [EMAIL], [SO_DIEN_THOAI]) VALUES (N'023811412   ', N'TRAN
', N' THUY 
', N'PHUONG
', N'F', N'CD6 Ti 9, 01 KP1, P.Linh Trung, Q.Thu Ðuc
', N'phuong.tt@vib.com.vn
', N'0909999309')
INSERT [dbo].[THONG_TIN_CA_NHAN] ([CMND], [HO], [TEN_DEM], [TEN], [GIOI_TINH], [DIA_CHI], [EMAIL], [SO_DIEN_THOAI]) VALUES (N'0240858781  ', N'NGUYEN
', N' VAN 
', N'HIEP
', N'M', N'106 Nguyen Ngoc Lac, P.14, Q.10
', N'hiep@vib.com.vn
', N'0903726781')
INSERT [dbo].[THONG_TIN_CA_NHAN] ([CMND], [HO], [TEN_DEM], [TEN], [GIOI_TINH], [DIA_CHI], [EMAIL], [SO_DIEN_THOAI]) VALUES (N'024192554   ', N'DINH
', N' CONG 
', N'DAN', N'M', N'K12 Hinh Thong Tay, P.11, Q.Go Vap
', N'dân@vib.com.vn
', N'0922198198')
INSERT [dbo].[THONG_TIN_CA_NHAN] ([CMND], [HO], [TEN_DEM], [TEN], [GIOI_TINH], [DIA_CHI], [EMAIL], [SO_DIEN_THOAI]) VALUES (N'024273823   ', N'NGUYEN
', N'HOANG', N'CHAU', N'F', N'594 Bis Ba HQT, P.6, Q.10
', N'chau.nh1@vib.com.vn
', N'0907248555')
INSERT [dbo].[THONG_TIN_CA_NHAN] ([CMND], [HO], [TEN_DEM], [TEN], [GIOI_TINH], [DIA_CHI], [EMAIL], [SO_DIEN_THOAI]) VALUES (N'024437578   ', N'PHAN
', N' NGOC 
', N'TRAN', N'F', N'411/16 Nguyen Dinh Chieu, P.5, Q.3
', N'tran.pt@vib.com.vn
', N'0908744882')
INSERT [dbo].[THONG_TIN_CA_NHAN] ([CMND], [HO], [TEN_DEM], [TEN], [GIOI_TINH], [DIA_CHI], [EMAIL], [SO_DIEN_THOAI]) VALUES (N'024470363   ', N'NGUYEN
', N' THU 
', N'HANG
', N'F', N'27/10A Cong Hoa, P.4, Q.Tan Binh
', N'hang@vib.com.vn
', N'0908338632')
INSERT [dbo].[THONG_TIN_CA_NHAN] ([CMND], [HO], [TEN_DEM], [TEN], [GIOI_TINH], [DIA_CHI], [EMAIL], [SO_DIEN_THOAI]) VALUES (N'024571855   ', N'NGUYEN
', N' THANH 
', N'TUAN
', N'M', N'Lô 37-40 KCN My Tho - Tien Giang
', N'tuan@vib.com.vn
', N'0903633744')
INSERT [dbo].[THONG_TIN_CA_NHAN] ([CMND], [HO], [TEN_DEM], [TEN], [GIOI_TINH], [DIA_CHI], [EMAIL], [SO_DIEN_THOAI]) VALUES (N'024631700   ', N'NGUYEN
', N' TUAN 
', N'LOC
', N'M', N'345/84 Tran Hung Ðao, Q.1
', N'loc@vib.com.vn
', N'0908489282')
INSERT [dbo].[THONG_TIN_CA_NHAN] ([CMND], [HO], [TEN_DEM], [TEN], [GIOI_TINH], [DIA_CHI], [EMAIL], [SO_DIEN_THOAI]) VALUES (N'024635527   ', N'VU
', N' THI HONG 
', N'VAN', N'F', N'449/5 Phan Xich Long, P.2, Q.Phu Nhuan', N'vân@vib.com.vn
', N'0903852495')
INSERT [dbo].[THONG_TIN_CA_NHAN] ([CMND], [HO], [TEN_DEM], [TEN], [GIOI_TINH], [DIA_CHI], [EMAIL], [SO_DIEN_THOAI]) VALUES (N'024798931   ', N'NGUYEN
', N' TAN 
', N'HIEN
', N'M', N'77/16C An Binh, P.6, Q.5
', N'hien@yahoo.com
', N'0907995901')
INSERT [dbo].[THONG_TIN_CA_NHAN] ([CMND], [HO], [TEN_DEM], [TEN], [GIOI_TINH], [DIA_CHI], [EMAIL], [SO_DIEN_THOAI]) VALUES (N'024875463   ', N'PHAN
', N'HOAI', N'VIET
', N'M', N'95 duong so 9, P.16, Q.Go Vap
', N'viet.ph@vib.com.vn
', N'0907685102')
INSERT [dbo].[THONG_TIN_CA_NHAN] ([CMND], [HO], [TEN_DEM], [TEN], [GIOI_TINH], [DIA_CHI], [EMAIL], [SO_DIEN_THOAI]) VALUES (N'024928628   ', N'HOANG', N' TRUNG 
', N'CHINH', N'M', N'16 Nguyen Van Thu, P.Ða Kao, Q.1
', N'chinh45@gmail.com
', N'0989988906')
INSERT [dbo].[THONG_TIN_CA_NHAN] ([CMND], [HO], [TEN_DEM], [TEN], [GIOI_TINH], [DIA_CHI], [EMAIL], [SO_DIEN_THOAI]) VALUES (N'025154496   ', N'TRAN
', N' UYEN 
', N'VY
', N'F', N'36 Nguyen Van Tri, P.15, Q.Phu Nhuan
', N'vy@vib.com.vn
', N'0913803324')
INSERT [dbo].[THONG_TIN_CA_NHAN] ([CMND], [HO], [TEN_DEM], [TEN], [GIOI_TINH], [DIA_CHI], [EMAIL], [SO_DIEN_THOAI]) VALUES (N'025280171   ', N'LAM', N' TUONG 
', N'NGOC
', N'M', N'476/21 Le Van Sy, P.14, Q.3
', N'ngoc.lt@vib.com.vn
', N'0909823981')
INSERT [dbo].[THONG_TIN_CA_NHAN] ([CMND], [HO], [TEN_DEM], [TEN], [GIOI_TINH], [DIA_CHI], [EMAIL], [SO_DIEN_THOAI]) VALUES (N'025305268   ', N'PHAN
', N' DINH 
', N'MAI', N'M', N'111-113 Nguyen Thi Minh Khai, P.BT, Q.1
', N'mãi@vib.com.vn
', N'0908471766')
INSERT [dbo].[THONG_TIN_CA_NHAN] ([CMND], [HO], [TEN_DEM], [TEN], [GIOI_TINH], [DIA_CHI], [EMAIL], [SO_DIEN_THOAI]) VALUES (N'027055344   ', N'NGUYEN
', N' VAN 
', N'DOI
', N'M', N'Cua Ðong Nam & Cua Ðong Bac  BT, Q.1
', N'doi@vib.com.vn
', N'0937362788')
INSERT [dbo].[THONG_TIN_CA_NHAN] ([CMND], [HO], [TEN_DEM], [TEN], [GIOI_TINH], [DIA_CHI], [EMAIL], [SO_DIEN_THOAI]) VALUES (N'0271094104  ', N'VUONG
', N' DINH 
', N'HINH
', N'F', N'B2-78 lo R2-2 KP Hung Thai, P.Tan Phong, Q,7
', N'hinh.vd@vib.com.vn
', N'0919876364')
INSERT [dbo].[THONG_TIN_CA_NHAN] ([CMND], [HO], [TEN_DEM], [TEN], [GIOI_TINH], [DIA_CHI], [EMAIL], [SO_DIEN_THOAI]) VALUES (N'0271690306  ', N'LY
', N' MAI 
', N'PHUONG
', N'F', N'159B Ðe Tham, P.Co Giang, Q.1
', N'phuong.lm@vib.com.vn
', N'0906224408')
INSERT [dbo].[THONG_TIN_CA_NHAN] ([CMND], [HO], [TEN_DEM], [TEN], [GIOI_TINH], [DIA_CHI], [EMAIL], [SO_DIEN_THOAI]) VALUES (N'0341109387  ', N'DINH
', N' VAN 
', N'HAI
', N'M', N'384 Vo Van Ngan, Q.Thu Ðuc
', N'hai@vib.com.vn
', N'0903613283')
INSERT [dbo].[THONG_TIN_CA_NHAN] ([CMND], [HO], [TEN_DEM], [TEN], [GIOI_TINH], [DIA_CHI], [EMAIL], [SO_DIEN_THOAI]) VALUES (N'034694354   ', N'QUACH', N' TU 
', N'DUY
', N'M', N'11/3 Thong Nhat, P.16, Q.Go Vap
', N'duy@vib.com.vn
', N'0933800328')
INSERT [dbo].[THONG_TIN_CA_NHAN] ([CMND], [HO], [TEN_DEM], [TEN], [GIOI_TINH], [DIA_CHI], [EMAIL], [SO_DIEN_THOAI]) VALUES (N'0361299165  ', N'NGUYEN
', N' VAN 
', N'TOAN', N'M', N'62/13 Truong Cong Ðinh, P.14, Q.Tan Binh
', N'toàn@vib.com.vn
', N'0903669646')
INSERT [dbo].[THONG_TIN_CA_NHAN] ([CMND], [HO], [TEN_DEM], [TEN], [GIOI_TINH], [DIA_CHI], [EMAIL], [SO_DIEN_THOAI]) VALUES (N'058076713   ', N'VU
', N' THU 
', N'HUYEN
', N'F', N'21 Vo Thi Sau, Q.1
', N'huyen@vib.com.vn
', N'0918068345')
INSERT [dbo].[THONG_TIN_CA_NHAN] ([CMND], [HO], [TEN_DEM], [TEN], [GIOI_TINH], [DIA_CHI], [EMAIL], [SO_DIEN_THOAI]) VALUES (N'062514379   ', N'VU
', N' DUY 
', N'KHANH', N'M', N'12/1 Phan Ke Binh, P.Ða kao, Q.1', N'khánh@vib.com.vn
', N'0918906952')
INSERT [dbo].[THONG_TIN_CA_NHAN] ([CMND], [HO], [TEN_DEM], [TEN], [GIOI_TINH], [DIA_CHI], [EMAIL], [SO_DIEN_THOAI]) VALUES (N'096074213   ', N'PHAM
', N' DIEU 
', N'LINH
', N'F', N'135/1-135/3 Nguyen Huu Canh, P.22, Q.BT
', N'linh@vib.com.vn
', N'0916226222')
INSERT [dbo].[THONG_TIN_CA_NHAN] ([CMND], [HO], [TEN_DEM], [TEN], [GIOI_TINH], [DIA_CHI], [EMAIL], [SO_DIEN_THOAI]) VALUES (N'098109559   ', N'NGUYEN
', N' LE 
', N'HIEN
', N'F', N'N-22 KCN Tân Bình
', N'hien@vib.com.vn
', N'0913782514')
GO


-- BAN_HANG
CREATE INDEX NV_MA_NHAN_VIEN_idx
ON [dbo].[BAN_HANG] ( [KINH_NGHIEM] );

-- BAO_VE
CREATE INDEX NV_MA_NHAN_VIEN_idx
ON [dbo].[BAO_VE]( [SUC_KHOE] );

-- CHI_NHANH
CREATE INDEX MA_CHI_NHANH_idx
ON [dbo].[CHI_NHANH] ( [TEN_CHI_NHANH] );

-- KE_TOAN
CREATE INDEX TRINH_DO_KE_TOAN_idx
ON [dbo].[KE_TOAN] ( [TRINH_DO_KE_TOAN] );

-- KY_THUAT_VIEN
CREATE INDEX TRINH_DO_KI_THUAT_idx
ON [dbo].[KY_THUAT_VIEN] ( [TRINH_DO_KY_THUAT] );

-- NGUOI_PHU_THUOC
CREATE INDEX TEN_NGUOI_PHU_THUOC_idx
ON [dbo].[NGUOI_PHU_THUOC] ( [TEN_NGUOI_PHU_THUOC] );

-- QUAN_LY_KHO
CREATE INDEX TRINH_DO_QUAN_LY_idx
ON [dbo].[QUAN_LY_KHO] ( [TRINH_DO_QUAN_LY] );

-- NHAN_VIEN
CREATE INDEX CN_MA_CHI_NHANH_idx
ON [dbo].[NHAN_VIEN] ( [CN_MA_CHI_NHANH] );

-- THONG_TIN_CA_NHAN
CREATE INDEX TEN_NHAN_VIEN_idx
ON [dbo].[THONG_TIN_CA_NHAN] ( [TEN] );

-- SAN_PHAM
CREATE INDEX TEN_SAN_PHAM_idx
ON [dbo].[SAN_PHAM] ( [TEN_SAN_PHAM] , [NGAY_NHAP] );